Symbol,Company_name,Price,Change_abs,Change_rel,Volume,Avg_vol_3M,Market_cap,PE_ratio_TTM,Wk_change_rel
LTMAY,LATAM Airlines Group S.A.,24.5,0,0,9862000.000,289829,7404000000.000,0,-0.9831
NYCB,"New York Community Bancorp, Inc.",9.91,0.05,0.0051,8897000.000,6119000.000,3482000000.000,0,-0.7544
NIO,NIO Inc.,4.05,0.0100,0.0025,38971000.000,48004000.000,8494000000.000,0,-0.7267
ALTM,Arcadium Lithium plc,2.86,0.1800,0.0592,19545000.000,9886000.000,3075000000.000,6.50,-0.6973
AGL,"agilon health, inc.",6.34,0.23,0.035,5584000.000,4482000.000,2607000000.000,0,-0.6852
TXG,"10x Genomics, Inc.",19.24,0.44,0.0224,1824000.000,1791000.000,2303000000.000,0,-0.6546
FIVE,"Five Below, Inc.",69.19,0.83,0.0119,1489000.000,1884000.000,3810000000.00,13.03,-0.6464
VFS,VinFast Auto Ltd.,3.91,0.0100,0.0026,696149,2353000.000,9142000000.000,0,-0.6258
CAR,"Avis Budget Group, Inc.",84.44,10.06,0.1065,1126000.000,573358,3010000000.00,2.71,-0.6236
U,Unity Software Inc.,15.32,0.03,0.002,12764000.000,9395000.000,5988000000.000,0,-0.6165
WBA,"Walgreens Boots Alliance, Inc.",11.48,0.33,0.0279,14258000.000,18826000.000,9910000000.00,0,-0.6158
MLCO,Melco Resorts & Entertainment Limited,5.15,0.15,0.0283,5242000.000,2858000.000,2251000000.000,0,-0.6054
XPEV,XPeng Inc.,7.56,0.07,0.0092,7773000.000,12350000.00,7122000000.000,0,-0.5957
MBLY,Mobileye Global Inc.,15.96,0.32,0.0197,11209000.000,4220000.00,12870000000.00,0,-0.5888
LI,Li Auto Inc.,19.2,0.17,0.0088,4236000.000,7414000.000,20371000000.000,12.89,-0.5884
BILL,"BILL Holdings, Inc.",46.77,1.37,0.0285,2271000.000,1625000.000,4964000000.000,0,-0.5831
LU,Lufax Holding Ltd,2.7,0.0200,0.0075,1095000.000,4157000.000,2356000000.000,0,-0.5807
QXO,"QXO, Inc.",11.99,0.36,0.0291,3448000.000,612936,4909000000.000,0,-0.573
ALB,Albemarle Corporation,86.99,6.18,0.0663,5433000.000,2853000.000,10224000000.000,0,-0.5579
SYM,Symbotic Inc.,23.7,0.91,0.037,3137000.000,1542000.000,13878000000.000,0,-0.5484
UPST,"Upstart Holdings, Inc.",23.76,1.64,0.0646,5169000.000,5418000.000,2088000000.000,0,-0.5428
XNYIF,Xinyi Solar Holdings Limited,0.4747,0,0,20000,928,4230000000.00,6.78,-0.5369
NWWDF,New World Development Company Limited,1.07,0,0,50000,13711,2693000000.000,17.83,-0.5348
MPW,"Medical Properties Trust, Inc.",4.71,0.0800,0.0173,12609000.000,15591000.000,2826000000.000,0,-0.5337
NVST,Envista Holdings Corporation,16.66,0.27,0.0159,2712000.000,2426000.000,2863000000.000,0,-0.5233
LSCC,Lattice Semiconductor Corporation,45.08,3.37,0.0696,4593000.000,2400000.0,6211000000.000,33.15,-0.5162
LCID,"Lucid Group, Inc.",3.12,0.1500,0.0459,29219000.000,30800000.0,7198000000.000,0,-0.5133
PYCR,"Paycor HCM, Inc.",11.97,0.18,0.0148,875800,1290000.00,2133000000.000,0,-0.5094
AFLYY,Air France-KLM SA,0.81,0.0112,0.0136,29429,48462,2247000000.000,0,-0.5091
FIVN,"Five9, Inc.",40.77,2.11,0.0492,1362000.000,1265000.000,3012000000.000,0,-0.5007
QDEL,QuidelOrtho Corporation,42.01,0.01,0.0002,1682000.000,1221000.000,2825000000.000,0,-0.4993
SQM,Sociedad Química y Minera de Chile S.A.,35.21,1.42,0.0388,1239000.000,995424,10418000000.000,25.51,-0.4963
LNGPF,Longfor Group Holdings Limited,1.41,0,0,130225,417,9542000000.000,4.86,-0.5039
PPRUY,Kering SA,29.76,0.10,0.0034,28209,299983,36764000000.000,16.26,-0.4792
YUMC,"Yum China Holdings, Inc.",29.53,0.52,0.0173,2937000.000,2511000.000,11361000000.000,14.77,-0.4787
NEP,"NextEra Energy Partners, LP",25.94,0.40,0.0152,1730000.00,1587000.000,2426000000.000,16.84,-0.4785
BAYRY,Bayer Aktiengesellschaft,7.53,0.01,0.0013,308272,1038000.000,29591000000.000,0,-0.4778
DLO,DLocal Limited,7.15,0.19,0.0259,1586000.000,2502000.000,2066000000.000,16.25,-0.477
IQ,"iQIYI, Inc.",3.16,0.0500,0.0156,4721000.000,9751000.000,3033000000.000,11.29,-0.4751
RIOT,"Riot Platforms, Inc.",8.57,0.75,0.0805,24844000.000,22355000.000,2601000000.000,15.30,-0.4749
WRFRF,Wharf Real Estate Investment Company Limited,2.58,0,0,46050,674,7833000000.000,12.90,-0.4743
ADNT,Adient plc,23.56,1.33,0.0534,1212000.000,1131000.000,2116000000.000,14.45,-0.4738
SSL,Sasol Limited,7.2,0.74,0.0932,1032000.000,608432,5209000000.000,10.14,-0.4627
FRSH,Freshworks Inc.,11.67,0.30,0.0251,2266000.000,2413000.000,3525000000.000,0,-0.4625
FLNC,"Fluence Energy, Inc.",14.67,1.18,0.0744,2265000.000,2701000.000,2632000000.000,0,-0.4597
ZK,ZEEKR Intelligent Technology Holding Limited,15.3,0.08,0.0052,252585,823615,3788000000.000,0,-0.4586
ALGM,"Allegro MicroSystems, Inc.",22.79,1.38,0.0571,4494000.000,2042000.000,4191000000.000,59.97,-0.4579
DAR,Darling Ingredients Inc.,37.52,1.41,0.0362,1222000.000,2506000.000,5995000000.000,16.38,-0.4513
TDC,Teradata Corporation,30.46,0.89,0.0284,794282,887537,2945000000.000,72.52,-0.451
CC,The Chemours Company,20.54,2.77,0.1188,5325000.000,1287000.000,3066000000.000,27.03,-0.4498
LW,"Lamb Weston Holdings, Inc.",56.94,2.01,0.0341,4312000.000,2872000.000,8181000000.000,11.43,-0.4477
SHWGF,Shandong Weigao Group Medical Polymer Company Limited,0.96,0,0,25000,709,4341000000.000,12.00,-0.4451
CFLT,"Confluent, Inc.",19.285,1.34,0.0652,9128000.000,4310000.00,6224000000.000,0,-0.4407
PAYC,"Paycom Software, Inc.",164.31,3.07,0.0183,842516,828916,9437000000.000,19.84,-0.4394
EL,The Estée Lauder Companies Inc.,95.5,1.62,0.0167,2250000.00,2842000.000,34243000000.000,53.65,-0.4387
ZI,ZoomInfo Technologies Inc.,10.41,0.61,0.0554,7828000.000,6314000.000,11339000000.000,52.05,-0.4379
INSP,"Inspire Medical Systems, Inc.",149.63,4.52,0.0311,1039000.000,704537,4446000000.000,0,-0.4364
CSAN,Cosan S.A.,9.04,0.05,0.0055,863370,422046,4297000000.000,13.29,-0.4346
IRDM,Iridium Communications Inc.,28.23,0.58,0.0201,1181000.000,984195,3342000000.000,39.76,-0.4338
YKLTF,"Yakult Honsha Co.,Ltd.",18.25,0,0,86275,81,6150000000.00,16.15,-0.3316
TPSRF,Topsports International Holdings Limited,0.5634,0,0,92041,3596,3494000000.000,11.27,-0.5333
FLYW,Flywire Corporation,18.96,1.63,0.0941,4708000.000,1577000.000,2355000000.000,0,-0.4325
WBD,"Warner Bros. Discovery, Inc.",8.27,0.11,0.0131,39817000.000,29133000.000,20264000000.000,0,-0.4285
W,Wayfair Inc.,47.77,2.24,0.0448,5708000.000,4000000,5898000000.000,0,-0.4263
BIDU,"Baidu, Inc.",84.49,1.93,0.0223,3167000.000,3630000.00,29975000000.000,11.28,-0.4252
MDB,"MongoDB, Inc.",232.7,6.63,0.0277,1670000.00,1751000.000,17069000000.000,0,-0.4147
ASAN,"Asana, Inc.",12.95,1.10,0.0783,2868000.000,2199000.000,2954000000.000,0,-0.4132
ACLS,"Axcelis Technologies, Inc.",106.33,6.49,0.0575,1459000.000,601983,3468000000.000,14.65,-0.412
STVN,Stevanato Group S.p.A.,19.21,0.33,0.0169,510406,752043,5240000000.00,34.93,-0.4102
ALGN,"Align Technology, Inc.",213.49,14.84,0.065,1357000.000,837017,16072000000.000,36.25,-0.409
CABO,"Cable One, Inc.",394.25,10.31,0.0255,99725,120916,2215000000.000,9.29,-0.4084
PKX,POSCO Holdings Inc.,64.62,0.26,0.004,132647,96340,19658000000.000,19.12,-0.403
DXCM,"DexCom, Inc.",72.3,1.98,0.0282,7612000.000,4386000.000,28973000000.000,44.91,-0.4023
ROKU,"Roku, Inc.",53.14,2.19,0.0396,7543000.000,3380000.00,7661000000.000,0,-0.3989
AAL,American Airlines Group Inc.,9.63,0.51,0.0503,48028000.000,36175000.000,6324000000.000,0,-0.3977
CNMD,CONMED Corporation,68.67,3.33,0.051,725019,445604,2117000000.000,21.87,-0.3976
STM,STMicroelectronics N.V.,30.22,1.18,0.0376,6886000.000,3622000.000,28888000000.000,10.38,-0.3954
NFE,New Fortress Energy Inc.,17.14,1.59,0.0849,4176000.000,2460000.00,3515000000.000,7.79,-0.3946
RIVN,"Rivian Automotive, Inc.",14.72,0.52,0.0341,26883000.000,44806000.000,14651000000.000,0,-0.3937
HTHT,H World Group Limited,28.23,0.32,0.0112,1944000.000,1770000.00,8845000000.000,17.53,-0.3936
DV,"DoubleVerify Holdings, Inc.",20.36,0.70,0.0332,2787000.000,3254000.000,3460000000.00,59.88,-0.393
APPN,Appian Corporation,29.84,0.42,0.0141,1300000.0,635617,2159000000.000,0,-0.3913
BAK,Braskem S.A.,5.78,0.24,0.0399,1532000.000,715498,2439000000.000,0,-0.3903
INTC,Intel Corporation,21.48,7.57,0.2606,296704000.000,52010000.00,91848000000.000,89.50,-0.3903
RELY,"Remitly Global, Inc.",13.42,0.32,0.0233,2184000.000,2258000.000,2619000000.000,0,-0.3897
NTLA,"Intellia Therapeutics, Inc.",23.85,1.29,0.0513,1289000.000,1683000.000,2301000000.000,0,-0.3888
PII,Polaris Inc.,78.92,0.15,0.0019,818735,898416,4400000000.0,13.85,-0.3874
LULU,Lululemon Athletica Inc.,236,13.05,0.0524,3095000.000,2592000.000,29500000000.0,18.94,-0.383
JOBY,"Joby Aviation, Inc.",5.05,0.38,0.07,6828000.000,6559000.000,3578000000.000,0,-0.3781
SBSW,Sibanye Stillwater Limited,4.2,0.1900,0.0433,6717000.000,5862000.000,3083000000.000,0,-0.3778
PNGAY,"Ping An Insurance (Group) Company of China, Ltd.",8.56,0,0,40839,251329,94007000000.000,6.64,-0.3775
ASAI,Sendas Distribuidora S.A.,8.9,0.30,0.0349,322277,269143,2402000000.000,19.35,-0.375
LFST,"LifeStance Health Group, Inc.",5.61,0,0,3222000.000,1798000.000,2145000000.000,0,-0.3746
XP,XP Inc.,16.37,0.26,0.0156,6223000.000,5286000.000,8771000000.000,12.31,-0.3745
ICL,ICL Group Ltd,3.98,0.0900,0.0221,831979,580129,5415000000.000,11.06,-0.3742
PRNDY,Pernod Ricard SA,27.14,0.01,0.0004,15621,328029,34102000000.000,15.60,-0.3702
BOLSY,"B3 S.A. - Brasil, Bolsa, Balcão",5.6636,0.00,0.0006,18586,175379,10486000000.000,15.31,-0.369
PUK,Prudential plc,16.76,0.25,0.0147,1154000.000,706824,23452000000.000,13.52,-0.3668
CZR,"Caesars Entertainment, Inc.",35.66,1.70,0.0455,6760000.00,4960000.00,7715000000.000,0,-0.3649
PTEN,"Patterson-UTI Energy, Inc.",9.67,0.54,0.0529,7780000.00,7427000.000,3801000000.000,64.47,-0.3638
VSAT,"Viasat, Inc.",18.64,0.14,0.0075,1094000.000,2050000.00,2382000000.000,0,-0.3636
BF-A,Brown-Forman Corporation,45.76,0.55,0.0122,55059,100169,21523000000.000,21.38,-0.3625
BHC,Bausch Health Companies Inc.,5.63,0.47,0.077,3565000.000,3925000.000,2067000000.000,0,-0.3624
RIG,Transocean Ltd.,5.2,0.26,0.0476,26721000.000,17617000.000,4552000000.000,0,-0.3604
RH,RH,257.59,18.20,0.066,736582,777288,4751000000.000,65.38,-0.359
IPGP,IPG Photonics Corporation,71.38,5.70,0.0739,341110,231450,3157000000.000,23.56,-0.3584
BF-B,Brown-Forman Corporation,45.41,0.64,0.0143,2244000.000,2316000.000,21523000000.000,21.22,-0.3563
PLTK,Playtika Holding Corp.,7.17,0.14,0.0192,649214,907898,2661000000.000,13.04,-0.3552
XRAY,DENTSPLY SIRONA Inc.,25.49,1.24,0.0464,4463000.000,2863000.000,5167000000.000,0,-0.3545
ILMN,"Illumina, Inc.",117.7,4.65,0.038,1823000.000,2714000.000,18750000000.00,0,-0.3537
JD,"JD.com, Inc.",25.16,0.08,0.0032,7754000.000,10932000.000,38523000000.000,11.49,-0.3534
SIRI,Sirius XM Holdings Inc.,3.12,0.1100,0.0341,16333000.000,40820000.00,12013000000.000,9.45,-0.3514
ALSMY,Alstom SA,1.85,0.0100,0.0054,89447,954246,8770000000.00,0,-0.3509
APTV,Aptiv PLC,69.63,3.50,0.0479,6392000.000,3102000.000,18505000000.000,5.26,-0.3502
RLLCF,Rolls-Royce Holdings plc,0.0052,0.0002,0.037,1799000.000,1453000.000,113364000000.000,0.29,-0.35
GCPEF,GCL Technology Holdings Limited,0.13,0,0,20350,1856,3747000000.000,13.00,-0.35
ATS,ATS Corporation,27.87,1.11,0.0383,277458,102646,2729000000.000,19.49,-0.3478
GGB,Gerdau S.A.,3.05,0.1200,0.0379,7979000.000,7472000.000,6485000000.000,7.26,-0.3464
PGNY,"Progyny, Inc.",26.8,0.30,0.0111,1510000.00,1212000.000,2552000000.000,43.93,-0.3463
LKNCY,Luckin Coffee Inc.,19.34,0.01,0.0005,719783,2223000.000,5431000000.000,21.49,-0.3455
LVS,Las Vegas Sands Corp.,38.06,0.41,0.0107,5806000.000,6213000.000,28029000000.000,17.87,-0.3454
ON,ON Semiconductor Corporation,67.95,3.95,0.0549,11460000.00,6303000.000,29107000000.000,15.48,-0.344
MOS,The Mosaic Company,27.38,1.48,0.0513,3921000.000,3920000.00,8800000000.0,11.60,-0.3434
UNLRF,PT Unilever Indonesia Tbk,0.17,0,0,72500,5645,6486000000.000,17.00,-0.3411
AMPH,"Amphastar Pharmaceuticals, Inc.",41.57,0.88,0.0207,376987,375925,2033000000.000,14.29,-0.341
MGA,Magna International Inc.,40.43,2.58,0.06,3646000.000,1840000.00,11617000000.000,11.75,-0.3385
IGT,International Game Technology PLC,21.67,0.47,0.0212,1438000.000,1347000.000,4374000000.000,20.84,-0.3383
SWGAY,The Swatch Group AG,10.29,0.19,0.0188,21760,179608,23653000000.000,93.55,-0.3383
WK,Workiva Inc.,72.19,0.36,0.005,1174000.000,399361,3988000000.000,0,-0.3372
IRTC,"iRhythm Technologies, Inc.",73.88,10.34,0.1228,1772000.000,403046,2308000000.000,0,-0.3363
NSANY,"Nissan Motor Co., Ltd.",5.81,0.01,0.0017,95454,212580,10825000000.000,3.93,-0.336
DLTR,"Dollar Tree, Inc.",99.53,0.22,0.0022,3532000.000,2821000.000,21393000000.000,0,-0.3356
CXM,"Sprinklr, Inc.",9.18,0.34,0.0357,1288000.000,2074000.000,2435000000.000,43.71,-0.3343
ADYEY,Adyen N.V.,11.51,0.01,0.0009,187373,472253,37027000000.000,47.96,-0.3335
AI,"C3.ai, Inc.",24.43,1.39,0.0538,4188000.000,5080000.00,3049000000.000,0,-0.3334
PHJMF,PT Hanjaya Mandala Sampoerna Tbk,0.04,0,0,28400,947827,4736000000.000,0,-0.3333
KOS,Kosmos Energy Ltd.,4.89,0.3900,0.0739,9633000.000,5718000.000,2306000000.000,10.63,-0.3329
NKE,"NIKE, Inc.",74.01,0.16,0.0022,10023000.000,14457000.000,110968000000.000,19.84,-0.3301
CRK,"Comstock Resources, Inc.",8.32,0.75,0.0827,4100000.0,3087000.000,2432000000.000,0,-0.3285
DKILY,"Daikin Industries,Ltd.",13.2,0.51,0.0372,54370,361370,38972000000.000,22.37,-0.3279
EXAS,Exact Sciences Corporation,57.35,0.56,0.0097,4995000.000,3361000.000,10597000000.000,0,-0.3258
ADM,Archer-Daniels-Midland Company,58.91,1.57,0.026,3290000.00,3850000.00,28167000000.000,11.74,-0.3245
SMKUF,CP Axtra Public Company Limited,0.75,0,0,77800,39,9138000000.000,37.50,-0.3243
WHR,Whirlpool Corporation,96.8,1.80,0.0183,883083,1414000.000,5314000000.000,10.00,-0.3225
APA,APA Corporation,28.59,2.49,0.0801,8439000.000,5469000.000,10576000000.000,3.09,-0.322
CCU,Compañía Cervecerías Unidas S.A.,10.93,0.05,0.0046,69470,98530,2036000000.000,19.18,-0.3215
LION,Lionsgate Studios Corp.,7.05,0.22,0.0303,313240,117829,2035000000.000,0,-0.3198
ENVX,Enovix Corporation,11.97,0.32,0.0275,8606000.000,6385000.000,2035000000.000,0,-0.3195
CBUMF,China National Building Material Company Limited,0.33,0.0727,0.1805,57500,46,2677000000.000,5.50,-0.4177
VAC,Marriott Vacations Worldwide Corporation,76.66,1.22,0.0157,789308,470535,2687000000.000,18.04,-0.3184
FMC,FMC Corporation,62.19,2.15,0.0334,2401000.000,2067000.000,7763000000.000,5.32,-0.317
ALAB,"Astera Labs, Inc.",42.38,1.93,0.0477,3050000.00,1731000.000,6599000000.000,0,-0.3168
PARA,Paramount Global,11,0.11,0.0099,8664000.000,14773000.000,7801000000.000,0,-0.3163
ZTO,ZTO Express (Cayman) Inc.,18.33,0.17,0.0092,2368000.000,3015000.000,14839000000.000,12.82,-0.3153
AGCO,AGCO Corporation,89.57,1.78,0.0195,1060000.00,845667,6684000000.000,15.99,-0.314
CVI,"CVR Energy, Inc.",25.48,2.06,0.0748,1503000.000,1108000.000,2562000000.000,4.68,-0.3108
VC,Visteon Corporation,104.37,7.87,0.0701,271141,253174,2881000000.000,5.43,-0.3083
WDS,Woodside Energy Group Ltd,17.42,0.44,0.0246,1321000.000,938470,33887000000.000,20.02,-0.3063
CHWY,"Chewy, Inc.",22.31,0.94,0.0404,5043000.000,11972000.000,9725000000.000,117.42,-0.3056
SSDOY,"Shiseido Company, Limited",30.19,0.14,0.0047,52680,77756,12076000000.000,188.69,-0.3055
PEN,"Penumbra, Inc.",175.51,4.26,0.0249,778074,411672,6817000000.000,501.46,-0.3054
CHFLF,China Feihe Limited,0.44897,0,0,1385000.000,634,4582000000.000,8.98,-0.3044
IAC,IAC Inc.,46.98,2.47,0.0499,826780,681424,4045000000.000,0,-0.3034
ABEV,Ambev S.A.,2.07,0.0200,0.0098,19028000.000,19435000.000,32622000000.000,12.94,-0.3007
KSS,Kohl's Corporation,20.21,0.80,0.0381,4787000.000,6020000.00,2247000000.000,8.15,-0.30
AAGIY,AIA Group Limited,26.39,0.05,0.0019,55908,547077,72748000000.000,19.99,-0.2996
ACAD,ACADIA Pharmaceuticals Inc.,18.77,0.22,0.0116,1643000.000,1788000.000,3101000000.000,0,-0.2996
ETSY,"Etsy, Inc.",59.35,0.81,0.0135,3750000.00,3227000.000,6811000000.000,27.60,-0.2971
UPS,"United Parcel Service, Inc.",128.06,2.52,0.0193,4354000.000,4348000.000,109563000000.000,20.89,-0.297
PATH,UiPath Inc.,11.41,0.39,0.0331,11835000.000,11740000.00,6535000000.000,0,-0.2952
AMN,"AMN Healthcare Services, Inc.",63.81,3.07,0.0459,854166,823016,2425000000.000,16.84,-0.2934
CNH,CNH Industrial N.V.,9.9,0.18,0.0179,8857000.000,8199000.000,12412000000.000,6.43,-0.2929
MANU,Manchester United plc,16.58,0.21,0.0125,257655,377501,2806000000.000,0,-0.2927
SOFI,"SoFi Technologies, Inc.",6.65,0.51,0.0712,62509000.000,37454000.000,7083000000.000,0,-0.2918
KVYO,"Klaviyo, Inc.",23.91,1.32,0.0523,1241000.000,1165000.000,6326000000.000,0,-0.2909
LBRDA,Liberty Broadband Corporation,65.02,0.81,0.0123,98697,148695,9415000000.000,11.02,-0.29
BBD,Banco Bradesco S.A.,2.21,0,0,34335000.000,19072000.000,22434000000.000,11.05,-0.2894
BA,The Boeing Company,169.95,8.36,0.0469,10598000.000,6257000.000,104718000000.000,0,-0.2867
HKXCY,Hong Kong Exchanges and Clearing Limited,28.86,0.01,0.0003,27889,79001,36670000000.00,25.10,-0.2858
BBDO,Banco Bradesco S.A.,2,0.0054,0.0027,23802,29129,22434000000.000,9.52,-0.2857
PENN,"PENN Entertainment, Inc.",17.87,1.05,0.0555,3844000.000,6139000.000,2724000000.000,0,-0.2855
ZGN,Ermenegildo Zegna N.V.,11.15,0.20,0.0183,326483,344629,2791000000.000,21.44,-0.2853
NEOG,Neogen Corporation,16.38,0.62,0.0365,1801000.000,2069000.000,3549000000.000,0,-0.285
NTCOY,Natura &Co Holding S.A.,5.11,0.03,0.0059,176867,206167,3599000000.000,0,-0.2823
SNOW,Snowflake Inc.,119.77,4.43,0.0357,6644000.000,6585000.000,40098000000.000,0,-0.2814
DEO,Diageo plc,123.42,0.64,0.0052,1036000.000,688412,68503000000.000,17.86,-0.279
NTR,Nutrien Ltd.,47.92,1.97,0.0395,1987000.000,1739000.000,23703000000.000,28.02,-0.2778
IEP,Icahn Enterprises L.P.,17.1,0.42,0.024,767809,681056,8065000000.000,0,-0.2773
LBRDK,Liberty Broadband Corporation,66.06,0.59,0.0089,629192,1145000.000,9415000000.000,11.20,-0.2765
OMAB,"Grupo Aeroportuario del Centro Norte, S.A.B. de C.V.",64.4,2.30,0.0345,36236,52109,3239000000.000,11.54,-0.2752
NARI,"Inari Medical, Inc.",47.31,0.56,0.0117,727027,871548,2757000000.000,0,-0.2748
MNTHF,Minth Group Limited,1.945,0,0,850480,0,2256000000.000,9.26,-0.2743
DAY,Dayforce Inc,53.23,3.33,0.0589,2909000.000,1967000.000,8416000000.000,177.43,-0.2735
KLIC,"Kulicke and Soffa Industries, Inc.",40.72,3.41,0.0773,1216000.000,468472,2258000000.000,0,-0.2729
HKXCF,Hong Kong Exchanges and Clearing Limited,29.96,0,0,20568,2869,37886000000.000,26.05,-0.2726
DG,Dollar General Corporation,121.59,1.43,0.0119,2678000.000,2589000.000,26737000000.000,17.72,-0.2717
ROG,Rogers Corporation,111.14,5.49,0.0471,98705,166046,2067000000.000,35.74,-0.2716
TLK,Perusahaan Perseroan (Persero) PT Telekomunikasi Indonesia Tbk,17.55,0.04,0.0023,359165,500856,17385000000.000,12.10,-0.2715
RKLB,"Rocket Lab USA, Inc.",4.81,0.1500,0.0302,8430000.00,7342000.000,2370000000.00,0,-0.2701
LEA,Lear Corporation,113.69,6.01,0.0502,701063,778566,6396000000.000,12.16,-0.2689
WYNN,"Wynn Resorts, Limited",76.8,1.91,0.0243,4054000.000,1911000.000,8607000000.000,10.05,-0.2688
OLN,Olin Corporation,42.97,1.47,0.0331,1797000.000,1216000.000,5049000000.000,18.76,-0.2687
VWAGY,Volkswagen AG,11.28,0.08,0.007,77769,279230,55367000000.000,3.50,-0.2685
MPNGY,Meituan,26.65,0.03,0.0011,29489,314211,80944000000.000,39.78,-0.2679
CAE,CAE Inc.,16.62,0.44,0.0258,573153,630904,5296000000.000,0,-0.2662
LPL,"LG Display Co., Ltd.",3.95,0.1800,0.0436,171092,377954,4047000000.000,0,-0.2658
ICUI,"ICU Medical, Inc.",125.9,0.35,0.0028,239523,309969,3068000000.000,0,-0.2656
ODD,Oddity Tech Ltd.,38.49,1.12,0.0283,244611,770648,2189000000.000,30.31,-0.2653
HUM,Humana Inc.,363.62,4.64,0.0129,869896,1411000.000,43781000000.000,25.57,-0.2649
FMS,Fresenius Medical Care AG,19.05,0.29,0.0155,380632,372864,11179000000.000,19.44,-0.2642
SRAD,Sportradar Group AG,10.65,0.08,0.0075,1005000.000,388611,3173000000.000,106.50,-0.2635
ALK,"Alaska Air Group, Inc.",34.53,1.81,0.0498,1984000.000,1861000.000,4367000000.000,19.62,-0.262
PDCO,"Patterson Companies, Inc.",24.79,0.50,0.0198,835279,989206,2176000000.000,12.52,-0.2615
GT,The Goodyear Tire & Rubber Company,9.25,0.59,0.06,12723000.000,3443000.000,2633000000.000,0,-0.2606
LKQ,LKQ Corporation,40.14,0.03,0.0007,1569000.000,1901000.000,10567000000.000,14.60,-0.2598
SLAB,Silicon Laboratories Inc.,104.16,7.63,0.0683,337371,303358,3363000000.000,0,-0.2576
TEAM,Atlassian Corporation,143.68,29.56,0.1706,8349000.000,1709000.000,37400000000.0,0,-0.2575
GNNSF,Genscript Biotech Corporation,1.605,0,0,34000,14248,3412000000.000,0,-0.2569
MNSO,MINISO Group Holding Limited,15.25,0.58,0.0366,1107000.000,1216000.000,4911000000.000,15.25,-0.2568
GRFS,"Grifols, S.A.",7.58,0.06,0.0079,675462,1546000.000,5992000000.000,29.15,-0.2554
SBUX,Starbucks Corporation,75.88,0.77,0.0103,15101000.000,12807000.000,85987000000.000,21.25,-0.2542
VALE,Vale S.A.,10.37,0.11,0.0105,37054000.000,25261000.000,45466000000.000,4.61,-0.2523
UAL,"United Airlines Holdings, Inc.",40.19,2.19,0.0517,10222000.000,7205000.000,13216000000.000,4.51,-0.2513
EQT,EQT Corporation,31.57,2.02,0.0601,9075000.000,7994000.000,18753000000.000,20.63,-0.251
PRVA,"Privia Health Group, Inc.",19.99,0.51,0.0249,655911,870783,2385000000.000,133.27,-0.2507
PRGO,Perrigo Company plc,27.58,0.60,0.0213,3473000.000,1670000.00,3762000000.000,0,-0.2505
VIPS,Vipshop Holdings Limited,13.22,0.02,0.0015,3162000.000,4324000.000,7170000000.00,6.18,-0.2501
MTN,"Vail Resorts, Inc.",174.7,1.86,0.0105,303974,627125,6573000000.000,23.20,-0.2501
BE,Bloom Energy Corporation,11.79,0.71,0.0568,5840000.00,7067000.000,2677000000.000,0,-0.25
PINC,"Premier, Inc.",20.68,0.29,0.0138,959107,1542000.000,2168000000.000,30.41,-0.2496
GMAB,Genmab A/S,28.24,0.11,0.0039,550022,580750,17923000000.000,23.53,-0.2489
RBGLY,Reckitt Benckiser Group plc,10.93,0.04,0.0036,27419,851740,38128000000.000,19.52,-0.2488
PODD,Insulet Corporation,196.45,0.80,0.0041,816222,818675,13759000000.000,59.17,-0.2469
ATAT,Atour Lifestyle Holdings Limited,15.84,0.12,0.0076,606939,1014000.000,2180000000.00,16.16,-0.2457
VLY,Valley National Bancorp,7.75,0.19,0.0239,10351000.000,5663000.000,3946000000.000,10.92,-0.2424
QS,QuantumScape Corporation,6.05,0.04,0.0066,8747000.000,9996000.000,3062000000.000,0,-0.2419
BIIB,Biogen Inc.,205.66,5.04,0.0239,1768000.000,1070000.00,29957000000.000,25.93,-0.2418
PCTY,Paylocity Holding Corporation,158.09,9.86,0.0665,1054000.000,577622,8785000000.000,43.43,-0.241
LUV,Southwest Airlines Co.,25.05,1.31,0.0497,11011000.000,10161000.000,15009000000.000,192.69,-0.2402
YELP,Yelp Inc.,34.7,0.93,0.0261,804189,710643,2341000000.000,22.10,-0.2392
ATHM,Autohome Inc.,23.68,0.69,0.03,587625,536796,2868000000.000,11.01,-0.2383
EW,Edwards Lifesciences Corporation,60.83,1.03,0.0167,5614000.000,4159000.000,36644000000.000,23.95,-0.2381
CRRFY,Carrefour SA,3.08,0.0200,0.0065,18086,703559,10212000000.000,12.32,-0.2376
SID,Companhia Siderúrgica Nacional,1.99,0.0200,0.01,2443000.000,1671000.000,2680000000.00,0,-0.2375
POWI,"Power Integrations, Inc.",66.21,2.10,0.0307,733388,390959,3758000000.000,71.97,-0.237
WLCGF,"Welcia Holdings Co., Ltd.",16.41,0,0,18166,0,3671000000.000,19.54,-0.2367
BXMT,"Blackstone Mortgage Trust, Inc.",17.41,0.23,0.013,1688000.000,2130000.00,3023000000.000,0,-0.2361
CGNX,Cognex Corporation,38.22,0.86,0.022,2323000.000,1188000.000,6555000000.000,84.93,-0.2358
DIOD,Diodes Incorporated,66.72,7.61,0.1024,507365,323730,3077000000.000,18.18,-0.2356
NWL,Newell Brands Inc.,8.24,0.11,0.0132,7768000.000,4913000.000,3428000000.000,0,-0.2335
LVMUY,"LVMH Moët Hennessy - Louis Vuitton, Société Européenne",138.21,0.06,0.0004,90114,316754,347101000000.000,22.84,-0.2335
BEN,"Franklin Resources, Inc.",21.88,0.36,0.0162,3266000.000,3651000.000,11443000000.000,13.59,-0.2334
DUFRY,Avolta AG,3.66,0.0100,0.0027,35274,83017,5505000000.000,33.27,-0.2332
KBDCF,Kingboard Holdings Limited,2.31,0,0,19600,0,2560000000.00,7.70,-0.2326
CX,"CEMEX, S.A.B. de C.V.",6.04,0.21,0.0336,14442000.000,8302000.000,9151000000.000,46.46,-0.2325
MT,ArcelorMittal S.A.,21.1,0.32,0.0149,2533000.000,1660000.00,17132000000.000,0,-0.2324
CPA,"Copa Holdings, S.A.",84.02,1.64,0.0191,310113,279374,3503000000.000,6.04,-0.2317
BEKE,KE Holdings Inc.,13.29,0.11,0.0082,5475000.000,7945000.000,16266000000.000,31.64,-0.2313
GFS,GlobalFoundries Inc.,45.47,2.56,0.0533,2964000.000,1797000.000,25089000000.000,28.24,-0.2313
ENOV,Enovis Corporation,45.4,1.14,0.0245,472738,627072,2492000000.000,0,-0.2309
NVCR,NovoCure Limited,20.71,0.69,0.0322,1093000.000,1541000.000,2241000000.000,0,-0.2307
GTLS,"Chart Industries, Inc.",126.01,27.84,0.181,2100000.0,492932,5394000000.000,56.25,-0.2306
IMPUY,Impala Platinum Holdings Limited,4.78,0.0100,0.0021,44570,198858,4410000000.00,0,-0.2278
GLBE,Global-E Online Ltd.,31.56,0.76,0.0235,1796000.000,1263000.000,5270000000.00,0,-0.2268
WEN,The Wendy's Company,16.88,0.08,0.0047,5144000.000,4176000.000,3431000000.000,17.22,-0.2268
COTY,Coty Inc.,9.44,0.22,0.0228,4127000.000,3705000.000,8192000000.000,41.04,-0.2262
LGIH,"LGI Homes, Inc.",106.54,4.42,0.0398,313906,246987,2504000000.000,12.95,-0.2261
SLB,Schlumberger Limited,44.93,1.73,0.0371,10411000.000,10796000.000,63793000000.000,14.68,-0.2249
ULTA,"Ulta Beauty, Inc.",341.01,8.94,0.0255,957638,896758,16272000000.000,13.32,-0.2249
F,Ford Motor Company,10.03,0.66,0.0617,109540000.00,54559000.000,39872000000.000,10.45,-0.2249
SAM,"The Boston Beer Company, Inc.",279.17,2.08,0.0075,111991,208001,3271000000.000,36.49,-0.2239
MLTX,MoonLake Immunotherapeutics,41.28,0.77,0.0183,528570,357535,2595000000.000,0,-0.2238
MGM,MGM Resorts International,35.48,1.81,0.0485,12134000.000,3842000.000,10778000000.000,13.34,-0.2236
ENPH,"Enphase Energy, Inc.",105.19,4.49,0.0409,2846000.000,4101000.000,14245000000.000,113.11,-0.2234
CDEVF,City Developments Limited,3.955,0,0,26600,1240,3583000000.000,15.82,-0.2225
EVH,"Evolent Health, Inc.",22.58,0.14,0.0062,1615000.000,2022000.000,2589000000.000,0,-0.2216
OTEX,Open Text Corporation,28.49,2.00,0.0656,1100000.0,700183,7641000000.000,16.66,-0.2214
BWA,BorgWarner Inc.,33.04,0.99,0.0291,2822000.000,2860000.00,7525000000.000,9.92,-0.2206
GPN,Global Payments Inc.,95.62,2.50,0.0255,1951000.000,2289000.000,24407000000.000,19.01,-0.22
SGRY,"Surgery Partners, Inc.",29.07,1.15,0.0381,912804,1126000.000,3695000000.000,2907.00,-0.2198
TAC,TransAlta Corporation,8.03,0.12,0.0147,1262000.000,787893,2394000000.000,5.82,-0.2196
PBF,PBF Energy Inc.,36.2,3.00,0.0765,2856000.000,1962000.000,4241000000.000,5.86,-0.2193
DOOO,BRP Inc.,69.34,0.38,0.0055,86723,106645,5141000000.000,12.84,-0.2192
NICE,NICE Ltd.,171.76,4.97,0.0281,303042,700556,11619000000.000,30.84,-0.2191
AVAL,Grupo Aval Acciones y Valores S.A.,2.07,0.0501,0.0236,705432,60830,2457000000.000,23.00,-0.2189
LEGN,Legend Biotech Corporation,54.68,0.32,0.0058,628417,1178000.000,9967000000.000,0,-0.2181
SHC,Sotera Health Company,13.22,0.41,0.0301,1509000.000,1023000.000,3742000000.000,69.58,-0.2173
DOCS,"Doximity, Inc.",26.99,0.40,0.0146,936150,1574000.000,5010000000.00,37.49,-0.2165
RMBS,Rambus Inc.,42.1,2.78,0.0619,2990000.00,1412000.000,4533000000.000,20.14,-0.2162
RTO,Rentokil Initial plc,30.48,0.41,0.0136,464493,534283,15310000000.00,30.48,-0.2156
RINIF,Rinnai Corporation,20.3833,0,0,24067,0,3349000000.000,20.18,-0.0062
JBAXY,Julius Bär Gruppe AG,10.86,0.08,0.0074,11322,189993,11122000000.000,21.72,-0.2148
THS,"TreeHouse Foods, Inc.",39.31,0.04,0.001,492431,476438,2068000000.000,83.64,-0.2144
AQN,Algonquin Power & Utilities Corp.,6.16,0.03,0.0048,5024000.000,5774000.000,4248000000.000,0,-0.2143
BZ,Kanzhun Limited,13.4,0.15,0.0111,4373000.000,4239000.000,5849000000.000,33.50,-0.2141
APAJF,APA Group,4.9,0,0,22000,7800,6584000000.000,8.31,-0.2135
GL,Globe Life Inc.,90.91,2.04,0.0219,914736,1516000.000,8388000000.000,8.22,-0.2119
HHH,Howard Hughes Holdings Inc.,63.95,4.44,0.0649,478056,310994,3213000000.000,0,-0.2106
CIVI,"Civitas Resources, Inc.",60.51,6.63,0.0987,3537000.000,1438000.000,5951000000.000,6.94,-0.2103
JBHT,"J.B. Hunt Transport Services, Inc.",163.59,4.77,0.0283,1157000.000,906216,16684000000.000,28.16,-0.2102
HUN,Huntsman Corporation,22.48,0.62,0.0268,2690000.00,1836000.000,3889000000.000,0,-0.2098
CRI,"Carter's, Inc.",58.39,0.03,0.0005,1172000.000,946940,2110000000.00,9.05,-0.2098
LCII,LCI Industries,106.43,4.04,0.0366,314495,250998,2709000000.000,29.00,-0.2096
ZG,"Zillow Group, Inc.",43.14,1.24,0.0279,800076,565103,10406000000.000,0,-0.2087
TCYMF,Tingyi (Cayman Islands) Holding Corp.,1.18,0,0,2000,8290,6649000000.000,14.75,-0.2081
Z,"Zillow Group, Inc.",44.36,1.20,0.0263,5715000.000,3684000.000,10401000000.000,0,-0.2077
WST,"West Pharmaceutical Services, Inc.",300.28,2.03,0.0067,457018,648858,21783000000.000,42.71,-0.2071
MODG,Topgolf Callaway Brands Corp.,14.91,0.59,0.0381,2402000.000,1859000.000,2737000000.000,36.37,-0.2069
BTE,Baytex Energy Corp.,3.23,0.2900,0.0824,17699000.000,9930000.00,2600000000.0,0,-0.2064
ELPC,Companhia Paranaense de Energia,6.26,0.03,0.0048,19230,29253,5131000000.000,12.52,-0.2046
KEYS,"Keysight Technologies, Inc.",126.7,5.83,0.044,1527000.000,1167000.000,22114000000.000,27.60,-0.2038
DBX,"Dropbox, Inc.",22.5,0.72,0.031,3527000.000,4251000.000,7234000000.000,15.00,-0.2033
DBRG,"DigitalBridge Group, Inc.",13.29,0.54,0.039,1916000.000,1965000.000,2473000000.000,6.36,-0.2032
ABR,"Arbor Realty Trust, Inc.",13.34,0.14,0.0106,6944000.000,4323000.000,2515000000.000,9.26,-0.2031
SPHXF,"SM Prime Holdings, Inc.",0.46,0,0,19600,265,14432000000.000,23.00,-0.2029
DJTWW,Trump Media & Technology Group Corp.,19,1.10,0.0615,93140,344641,5554000000.000,0,-0.2025
PRMRF,Paramount Resources Ltd.,19.65,0.79,0.0386,16475,15959,2883000000.000,11.49,-0.2022
KVUE,Kenvue Inc.,18.82,0.19,0.0102,14553000.000,22211000.000,36037000000.000,24.13,-0.2005
GXO,"GXO Logistics, Inc.",51.77,2.60,0.0478,778916,845948,6183000000.000,36.98,-0.2005
SYNA,Synaptics Incorporated,75.12,6.30,0.0774,519264,289172,2967000000.000,0,-0.1991
BABA,Alibaba Group Holding Limited,77.45,0.53,0.0068,10038000.000,15075000.000,184022000000.000,17.89,-0.1979
SCGLY,Société Générale Société anonyme,4.54,0.1900,0.0402,19885,450364,18819000000.000,9.27,-0.1979
AS,"Amer Sports, Inc.",10.75,0.03,0.0028,1246000.000,1419000.000,5431000000.000,0,-0.1978
CVS,CVS Health Corporation,59.32,0.71,0.0118,7530000.00,11290000.00,74469000000.000,10.41,-0.1974
HAL,Halliburton Company,31.82,1.42,0.0427,9667000.000,8288000.000,28092000000.000,10.57,-0.1963
FOLD,"Amicus Therapeutics, Inc.",10.08,0.12,0.0118,2413000.000,2572000.000,2986000000.000,0,-0.1962
TX,Ternium S.A.,33.03,0.58,0.0173,321863,245827,6484000000.000,0,-0.196
RSMDF,ResMed Inc.,17.7,0,0,260000,0,30162000000.000,27.23,-0.1958
DOCN,"DigitalOcean Holdings, Inc.",28.69,2.16,0.07,2458000.000,1468000.000,2613000000.000,55.17,-0.1941
HRL,Hormel Foods Corporation,32.87,0.41,0.0126,1287000.000,2406000.000,18023000000.000,23.48,-0.1936
BMY,Bristol-Myers Squibb Company,48.77,0.60,0.0125,15542000.000,16039000.000,98876000000.000,0,-0.1935
MBGYY,Mercedes-Benz Group AG,15.84,0.08,0.005,112933,233461,67785000000.000,4.79,-0.1927
RCM,R1 RCM Inc.,14.05,0.08,0.0057,13821000.000,3928000.000,5930000000.00,0,-0.1916
BAX,Baxter International Inc.,35.27,0.74,0.0205,6024000.000,4857000.000,17973000000.000,0,-0.1899
ELP,Companhia Paranaense de Energia - COPEL,7.05,0.04,0.0056,239005,197161,5257000000.000,14.10,-0.1887
RNECY,Renesas Electronics Corporation,7.1,0.02,0.0028,56000,437330,26313000000.000,13.65,-0.1886
WERN,"Werner Enterprises, Inc.",37.23,1.09,0.0284,1058000.000,995461,2301000000.000,37.61,-0.1878
BSM,"Black Stone Minerals, L.P.",14.49,0.46,0.0308,891855,426974,3053000000.000,9.35,-0.1878
WSC,WillScot Holdings Corporation,35.5,4.31,0.1083,6337000.000,2146000.000,6691000000.000,36.98,-0.1875
BCE,BCE Inc.,34.33,0.40,0.0118,2434000.000,1984000.000,31319000000.000,22.01,-0.1873
BYDDY,BYD Company Limited,55.76,0.11,0.002,41797,245850,89497000000.000,19.23,-0.1866
TAP,Molson Coors Beverage Company,52.89,0.11,0.0021,2167000.000,2159000.000,11211000000.000,10.56,-0.1866
NE,Noble Corporation plc,42.07,2.55,0.0571,1849000.000,1238000.000,6013000000.000,10.21,-0.1863
ROK,"Rockwell Automation, Inc.",253.47,11.15,0.0421,831528,916487,28896000000.000,24.83,-0.1836
AMX,"América Móvil, S.A.B. de C.V.",16.41,0.09,0.0055,1324000.000,1662000.000,50970000000.00,29.84,-0.1824
SITM,SiTime Corporation,113.52,13.18,0.104,454468,224662,2596000000.000,0,-0.1821
LIVN,LivaNova PLC,46.98,1.34,0.0277,621483,689345,2551000000.000,0,-0.1821
DE,Deere & Company,353.75,4.16,0.0116,2537000.000,1602000.000,97483000000.000,10.66,-0.1798
CCL,Carnival Corporation & plc,14.8,0.96,0.0609,44267000.000,30230000.00,19390000000.00,20.85,-0.1796
SJM,The J. M. Smucker Company,122.4,2.41,0.0201,1720000.00,1226000.000,13027000000.000,17.14,-0.1792
BYD,Boyd Gaming Corporation,55.29,2.49,0.0431,1218000.000,1112000.000,5074000000.000,10.67,-0.1789
MSM,"MSC Industrial Direct Co., Inc.",83.08,1.27,0.0151,819622,682817,4663000000.000,16.16,-0.1786
SITE,"SiteOne Landscape Supply, Inc.",135.49,4.10,0.0294,824933,485064,6113000000.000,39.97,-0.1779
AMKBY,A.P. Møller - Mærsk A/S,7.87,0.14,0.0175,31811,196845,24819000000.000,14.57,-0.1776
STLA,Stellantis N.V.,16.13,0.19,0.0116,11835000.000,6862000.000,48361000000.000,3.42,-0.1762
ATKR,Atkore Inc.,122.17,6.87,0.0532,782572,610217,4451000000.000,7.62,-0.176
SEE,Sealed Air Corporation,36.35,1.08,0.0289,1099000.000,1289000.000,5293000000.000,14.72,-0.1754
YOU,"Clear Secure, Inc.",19.31,1.39,0.0671,1742000.000,1385000.000,2797000000.000,33.88,-0.1744
TSLA,"Tesla, Inc.",207.67,9.19,0.0424,81020000.00,95650000.00,663431000000.000,58.50,-0.1741
MZDAY,Mazda Motor Corporation,4.08,0.0200,0.0049,20576,305112,5320000000.00,3.71,-0.1741
PSEC,Prospect Capital Corporation,5.25,0.16,0.0296,3283000.000,1626000.000,2193000000.000,17.50,-0.1732
VSH,"Vishay Intertechnology, Inc.",22.43,1.10,0.0467,1223000.000,1040000.00,3078000000.000,12.89,-0.1729
NHYDY,Norsk Hydro ASA,5.22,0.01,0.0019,15129,146743,10462000000.000,522.00,-0.1727
CERT,"Certara, Inc.",15.26,0.38,0.0243,302756,618464,2454000000.000,0,-0.1711
DINO,HF Sinclair Corporation,46.76,3.30,0.0659,2054000.000,1781000.000,8923000000.000,7.46,-0.1706
SOLV,Solventum Corporation,57.31,0.75,0.0129,1058000.000,1877000.000,9898000000.000,15.57,-0.1706
SATS,EchoStar Corporation,19.5,0.45,0.0226,891251,1177000.000,5298000000.000,0,-0.1702
NTES,"NetEase, Inc.",89.97,1.13,0.0124,976183,1675000.000,57985000000.000,13.93,-0.1685
BNTX,BioNTech SE,82.01,1.33,0.0165,1299000.000,750550,19764000000.000,160.80,-0.1674
CHK,Chesapeake Energy Corporation,72.43,2.61,0.0348,4342000.000,1728000.000,9508000000.000,23.90,-0.1665
HI,"Hillenbrand, Inc.",39.9,1.70,0.0409,474340,401635,2801000000.000,33.81,-0.1665
CUK,Carnival Corporation & plc,13.6,0.90,0.0621,2881000.000,1990000.00,17751000000.000,19.15,-0.1662
HP,"Helmerich & Payne, Inc.",36.39,2.13,0.0553,1470000.00,1315000.000,3594000000.000,10.58,-0.1661
VTMX,"Corporación Inmobiliaria Vesta, S.A.B. de C.V.",28.6,0.48,0.0165,136845,182219,2557000000.000,6.23,-0.165
SIGI,"Selective Insurance Group, Inc.",87.28,0.98,0.0111,377863,382051,5310000000.00,23.78,-0.1646
JBT,John Bean Technologies Corporation,93.87,1.43,0.015,243367,319659,2989000000.000,22.04,-0.1643
PCRHY,Panasonic Holdings Corporation,7.45,0.03,0.004,41486,363459,17724000000.000,8.28,-0.1642
JAMF,Jamf Holding Corp.,16.83,0.84,0.0475,323644,700301,2128000000.000,0,-0.1635
RPD,"Rapid7, Inc.",35.28,0.45,0.0126,1102000.000,1193000.000,2199000000.000,0,-0.1634
PAC,"Grupo Aeroportuario del Pacífico, S.A.B. de C.V.",152.61,5.04,0.032,34908,44461,8000000000,15.60,-0.1634
BIO,"Bio-Rad Laboratories, Inc.",335.93,5.32,0.0156,408241,260264,9536000000.000,0,-0.1634
ESGRO,Enstar Group Limited,20.6101,0.11,0.0055,28689,21558,2923000000.000,0,-0.1629
RHI,Robert Half Inc.,63.25,0.49,0.0078,2153000.000,2053000.000,6582000000.000,21.01,-0.1627
HOKCF,The Hong Kong and China Gas Company Limited,0.7131,0,0,10,5064,15426000000.000,17.83,-0.1626
KNX,Knight-Swift Transportation Holdings Inc.,50.73,1.74,0.0332,2528000.000,2073000.000,8211000000.000,123.73,-0.1623
DASTF,Dassault Systèmes SE,35.21,0,0,47230,8724,49217000000.000,38.27,-0.1621
BL,"BlackLine, Inc.",45.57,0.60,0.013,729252,1069000.000,2817000000.000,38.62,-0.1619
DNLI,Denali Therapeutics Inc.,21.87,1.46,0.0626,1396000.000,1192000.000,3131000000.000,0,-0.1617
DNZOY,DENSO Corporation,14.57,0.38,0.0254,20706,94545,43693000000.000,19.96,-0.161
RBRK,"Rubrik, Inc.",31.05,3.53,0.1021,1165000.000,974508,5591000000.000,0,-0.1608
GEF,"Greif, Inc.",63.42,1.72,0.0264,122738,170238,3060000000.00,13.64,-0.1593
STR,Sitio Royalties Corp.,22.71,0.78,0.0332,533873,613688,3509000000.000,0,-0.1586
UAA,"Under Armour, Inc.",6.5,0.30,0.0441,11459000.000,10697000.000,2797000000.000,12.50,-0.158
SDPNF,SD Guthrie Berhad,0.8,0,0,21080,6,6718000000.000,13.33,-0.1579
DVN,Devon Energy Corporation,42.79,2.27,0.0504,12240000.00,6264000.000,26854000000.000,8.15,-0.1578
VFC,V.F. Corporation,16.06,0.48,0.029,11212000.000,8197000.000,6248000000.000,0,-0.1574
ENIC,Enel Chile S.A.,2.74,0.0400,0.0144,374418,427980,3900000000.0,4.64,-0.1569
SEBNF,"Seven Bank, Ltd.",2.1,0,0,25200,0,2457000000.000,8.40,-0.1566
CNXC,Concentrix Corporation,66.78,1.34,0.0197,456669,437508,4363000000.000,15.68,-0.1565
EQNR,Equinor ASA,26.07,0.21,0.008,2723000.000,2704000.000,72091000000.000,7.92,-0.1563
MTCH,"Match Group, Inc.",36.67,0.90,0.024,5756000.000,6039000.000,9457000000.000,15.94,-0.1558
NYCB-PA,"New York Community Bancorp, Inc.",19.67,0.22,0.0111,66534,122790,3363000000.000,16.14,-0.1558
VRN,Veren Inc.,6.9,0.47,0.0638,4157000.000,2839000.000,4266000000.000,16.43,-0.1554
BBWI,"Bath & Body Works, Inc.",33.2,1.93,0.0549,3581000.000,3192000.000,7411000000.000,8.58,-0.1552
ASO,"Academy Sports and Outdoors, Inc.",49.14,2.26,0.044,1802000.000,1657000.000,3544000000.000,7.54,-0.1547
BBIO,"BridgeBio Pharma, Inc.",26.18,0,0,1312000.000,1899000.000,4923000000.000,0,-0.1544
EVTC,"EVERTEC, Inc.",34.53,0.55,0.0157,525901,520529,2209000000.000,32.89,-0.1543
LPLA,LPL Financial Holdings Inc.,198.05,16.69,0.0777,1357000.000,895459,14807000000.000,15.44,-0.1541
PCH,PotlatchDeltic Corporation,43.1,0.08,0.0019,420716,453422,3401000000.000,93.70,-0.1539
ANGPY,Anglo American Platinum Limited,6.07,0.04,0.0066,23690,108619,9641000000.000,15.18,-0.1534
LITE,Lumentum Holdings Inc.,44.33,3.68,0.0767,1781000.000,1182000.000,2997000000.000,0,-0.1534
EPAM,"EPAM Systems, Inc.",208.99,5.95,0.0277,359027,814435,12116000000.000,28.67,-0.1533
GH,"Guardant Health, Inc.",31.75,1.61,0.0483,3031000.000,2222000.000,3885000000.000,0,-0.1533
PTCT,"PTC Therapeutics, Inc.",32.19,0.50,0.0153,434358,844445,2469000000.000,0,-0.1522
BG,Bunge Global SA,98.42,4.65,0.0451,1585000.000,1290000.00,13941000000.000,11.18,-0.1514
ENR,"Energizer Holdings, Inc.",30.67,0.10,0.0033,520325,542066,2202000000.000,25.99,-0.1511
SHTDF,Sinopharm Group Co. Ltd.,2.7,0,0,135208,5688,7468000000.000,6.75,-0.1509
BHF,"Brighthouse Financial, Inc.",45.92,2.92,0.0598,435173,463356,2852000000.000,0,-0.1509
MRVI,"Maravai LifeSciences Holdings, Inc.",9.37,0.26,0.027,1331000.000,2083000.000,2361000000.000,0,-0.1497
ARWR,"Arrowhead Pharmaceuticals, Inc.",26.22,1.24,0.0452,777100,1057000.000,3257000000.000,0,-0.149
ALIT,"Alight, Inc.",7.12,0.22,0.03,4967000.000,5984000.000,4024000000.000,0,-0.1483
ZM,"Zoom Video Communications, Inc.",58.49,0.48,0.0081,2364000.000,3158000.000,18090000000.00,21.58,-0.1481
ESLT,Elbit Systems Ltd.,181.2,1.87,0.0102,15209,27606,8194000000.000,35.74,-0.1481
PFE,Pfizer Inc.,30.43,0.22,0.0072,42185000.000,35887000.000,172434000000.000,0,-0.1471
VWAPY,Volkswagen AG,10.52,0.09,0.0085,99050,319580,55367000000.000,3.27,-0.1468
DT,"Dynatrace, Inc.",41.29,1.15,0.0271,4005000.000,3504000.000,12313000000.000,79.40,-0.1448
MRNA,"Moderna, Inc.",86.58,7.59,0.0806,10312000.000,4107000.000,33281000000.000,0,-0.1445
OVV,Ovintiv Inc.,41.59,2.89,0.065,4190000.00,3102000.000,10963000000.000,5.83,-0.1442
AAP,"Advance Auto Parts, Inc.",61.05,1.08,0.0174,1192000.000,1496000.000,3640000000.00,169.58,-0.1438
WBTN,WEBTOON Entertainment Inc.,19.7,0.87,0.0423,761723,822373,2500000000.0,0,-0.1435
CLF,Cleveland-Cliffs Inc.,13.95,0.69,0.0471,10152000.000,8957000.000,6529000000.000,155.00,-0.1426
GDS,GDS Holdings Limited,10.61,0.56,0.0501,1050000.00,1245000.000,2145000000.000,0,-0.1416
MUR,Murphy Oil Corporation,37.52,2.25,0.0566,1553000.000,1346000.000,5725000000.000,10.39,-0.1391
JAZZ,Jazz Pharmaceuticals plc,113.26,1.12,0.0098,708910,784961,6994000000.000,19.20,-0.1388
TS,Tenaris S.A.,28.18,0.60,0.0208,3501000.000,1910000.00,16062000000.000,6.02,-0.1385
PPG,"PPG Industries, Inc.",123.46,2.42,0.0192,1229000.000,1477000.000,28803000000.000,20.24,-0.1382
TEX,Terex Corporation,54.39,4.34,0.0739,1620000.00,962516,3639000000.000,7.45,-0.1382
NCLH,Norwegian Cruise Line Holdings Ltd.,15.93,1.42,0.0818,24551000.000,13481000.000,7004000000.000,16.42,-0.138
INST,"Instructure Holdings, Inc.",23.32,0.04,0.0017,807988,562409,3416000000.000,0,-0.1379
OSSFF,Embla Medical hf.,4.25,0,0,16551,441,1969000000.000,30.36,-0.1362
MASI,Masimo Corporation,106.34,0.99,0.0092,847655,815775,5655000000.000,72.34,-0.1353
AA,Alcoa Corporation,29.47,2.00,0.0636,6861000.000,5452000.000,7613000000.000,0,-0.1348
TFSL,TFS Financial Corporation,12.96,0.04,0.0031,376504,250851,3606000000.000,46.29,-0.1343
CRC,California Resources Corporation,47.4,1.53,0.0313,747641,958729,4228000000.000,13.35,-0.1338
PSGTF,PT Semen Indonesia (Persero) Tbk,0.39,0,0,40000,3645,2633000000.000,19.50,-0.1333
PRKS,United Parks & Resorts Inc.,47.1,2.75,0.0552,1222000.000,958090,2943000000.000,12.66,-0.1331
RRC,Range Resources Corporation,28.93,2.11,0.068,2485000.000,2357000.000,7004000000.000,14.54,-0.1328
IEX,IDEX Corporation,194.12,2.17,0.0111,659392,502095,14696000000.000,25.38,-0.1328
CTRA,Coterra Energy Inc.,24.11,1.29,0.0508,11758000.000,5999000.000,17943000000.000,13.94,-0.1327
BOX,"Box, Inc.",26.99,0.78,0.0281,1210000.00,1621000.000,3913000000.000,36.97,-0.1327
AIPUF,Airports of Thailand Public Company Limited,1.64,0,0,35635,0,25618000000.000,54.67,-0.1323
WPC,W. P. Carey Inc.,57.23,0.06,0.001,1576000.000,1233000.000,12525000000.000,22.01,-0.1313
AES,The AES Corporation,17.13,0.78,0.0436,10660000.00,8020000.00,12178000000.000,16.31,-0.1305
SVNDY,"Seven & i Holdings Co., Ltd.",11.95,0.04,0.0033,19018,259466,31149000000.000,23.43,-0.1303
HSY,The Hershey Company,199.08,0.54,0.0027,2235000.000,1691000.000,40271000000.000,22.02,-0.1302
HGV,Hilton Grand Vacations Inc.,39.69,1.32,0.0322,1236000.000,698722,4116000000.000,18.72,-0.1302
CSTM,Constellium SE,15.88,0.81,0.0485,1083000.000,1208000.000,2323000000.000,13.57,-0.1299
EC,Ecopetrol S.A.,9.99,0.43,0.0413,3763000.000,2064000.000,21108000000.000,4.36,-0.1298
BGNE,"BeiGene, Ltd.",163.23,0.94,0.0058,176341,205658,17708000000.000,0,-0.1295
BSBR,Banco Santander (Brasil) S.A.,4.92,0.1500,0.0296,354611,475941,19197000000.000,18.92,-0.1292
EBR-B,Centrais Elétricas Brasileiras S.A. - Eletrobrás,7.31,0.02,0.0027,48574,26660,16419000000.000,20.31,-0.1287
WNS,WNS (Holdings) Limited,57.62,0.94,0.0161,339121,623287,2545000000.000,20.29,-0.1275
FTV,Fortive Corporation,68.44,2.02,0.0287,2910000.00,1693000.000,23977000000.000,27.49,-0.1275
NSRGY,Nestlé S.A.,104.35,0.01,0.0001,54730,572738,268316000000.000,21.47,-0.1266
GNTX,Gentex Corporation,29.85,0.61,0.02,1698000.000,1377000.000,6872000000.000,16.58,-0.1264
BLCO,Bausch + Lomb Corporation,16.33,0.53,0.0314,735423,572638,5746000000.000,0,-0.1263
ALSSF,"Alsea, S.A.B. de C.V.",2.86,0.0400,0.0138,16000,7801,2420000000.00,8.67,-0.1262
DRI,"Darden Restaurants, Inc.",144.03,1.32,0.0091,2065000.000,1299000.000,17120000000.00,16.89,-0.126
BILI,Bilibili Inc.,15.5,0.27,0.0177,3812000.000,6420000.00,6324000000.000,0,-0.1253
TD,The Toronto-Dominion Bank,56.69,1.40,0.0241,4107000.000,2600000.0,99735000000.000,13.09,-0.125
ESGRP,Enstar Group Limited,20.92,0.11,0.0053,433378,59940,2944000000.000,0,-0.124
FTRE,Fortrea Holdings Inc.,26.48,1.37,0.0492,935354,1512000.000,2367000000.000,0,-0.1235
CHWRF,China Tower Corporation Limited,0.114,0,0,31000,231647,21398000000.000,11.40,-0.1231
CGON,"CG Oncology, Inc.",32.6,1.24,0.0366,673214,681608,2172000000.000,0,-0.1229
PCOR,"Procore Technologies, Inc.",56.78,10.44,0.1553,15373000.000,1663000.000,8308000000.000,0,-0.1227
CMCSA,Comcast Corporation,39.9,0.36,0.0089,25861000.000,20387000.000,154513000000.000,10.61,-0.1221
AEIS,"Advanced Energy Industries, Inc.",101.64,6.00,0.0557,273669,193259,3829000000.000,41.32,-0.1221
ZBH,"Zimmer Biomet Holdings, Inc.",110.36,0.76,0.0068,1138000.000,1491000.000,22704000000.000,23.94,-0.1215
SMPL,The Simply Good Foods Company,34.14,0.11,0.0032,1514000.000,810903,3419000000.000,23.54,-0.1212
BDX,"Becton, Dickinson and Company",241.87,5.86,0.0248,1803000.000,1527000.000,69911000000.000,48.57,-0.1212
SJW,SJW Group,61.62,0.87,0.0143,310971,194130,2016000000.000,22.57,-0.1208
CLX,The Clorox Company,144.09,9.95,0.0742,2902000.000,1244000.000,17894000000.000,64.04,-0.12
CSCO,"Cisco Systems, Inc.",46.66,0.73,0.0154,21750000.00,20111000.000,187984000000.000,15.76,-0.1198
DAL,"Delta Air Lines, Inc.",39.83,1.67,0.0402,9210000.00,8169000.000,25707000000.000,5.71,-0.1196
ST,Sensata Technologies Holding plc,36.24,1.05,0.0282,1771000.000,2054000.000,5471000000.000,604.00,-0.1191
DRVN,Driven Brands Holdings Inc.,13.57,0.94,0.0648,996976,1395000.000,2227000000.000,0,-0.1188
ARCO,Arcos Dorados Holdings Inc.,9.52,0.05,0.0052,619832,1259000.000,2005000000.000,11.61,-0.1177
MNST,Monster Beverage Corporation,51.61,0.23,0.0045,5278000.000,9789000.000,50858000000.000,32.66,-0.1176
STNE,StoneCo Ltd.,12.48,0.27,0.0212,5709000.000,5371000.000,3856000000.000,13.57,-0.1168
TTC,The Toro Company,90.91,2.26,0.0243,653795,1153000.000,9443000000.000,35.93,-0.1165
TGNA,TEGNA Inc.,15.1,0.47,0.0302,1360000.00,2189000.000,2561000000.000,5.24,-0.1159
MNRIF,Minor International Public Company Limited,0.8144,0,0,30996,0,4741000000.000,27.15,-0.1148
SNAP,Snap Inc.,9.36,3.45,0.2693,105179000.000,21867000.000,15533000000.000,0,-0.1145
KRC,Kilroy Realty Corporation,33.8,1.45,0.0411,1226000.000,1001000.000,4007000000.000,20.12,-0.1126
OGS,"ONE Gas, Inc.",69.07,0.60,0.0086,501457,457866,3907000000.000,17.05,-0.1126
IPG,"The Interpublic Group of Companies, Inc.",30.24,0.72,0.0233,3554000.000,4055000.000,11358000000.000,11.20,-0.1119
XPRO,Expro Group Holdings N.V.,20.4,1.69,0.0765,1351000.000,1101000.000,2469000000.000,0,-0.1115
CHX,ChampionX Corporation,31.77,1.30,0.0393,1766000.000,1829000.000,6052000000.000,19.49,-0.1111
MAT,"Mattel, Inc.",18.92,0.25,0.013,1647000.000,4112000.000,6431000000.000,21.02,-0.1109
WPP,WPP plc,45.96,0.76,0.0163,141428,158932,10205000000.000,70.71,-0.1107
MCHP,Microchip Technology Incorporated,75.43,8.94,0.106,17443000.000,6417000.000,40469000000.000,30.05,-0.1106
CHTR,"Charter Communications, Inc.",373.16,3.81,0.0101,838138,1338000.000,53265000000.000,11.91,-0.1103
IFS,Intercorp Financial Services Inc.,22.28,0.03,0.0013,108075,66767,2551000000.000,10.27,-0.1099
WEX,WEX Inc.,173.39,6.78,0.0376,485186,384933,7124000000.000,30.05,-0.1088
TENB,"Tenable Holdings, Inc.",41.77,0.71,0.0167,1307000.000,1011000.000,4970000000.00,0,-0.1084
CRGY,Crescent Energy Company,10.81,1.12,0.0939,3952000.000,2903000.000,2481000000.000,0,-0.1081
NUE,Nucor Corporation,151.05,4.73,0.0304,2176000.000,1557000.000,36216000000.000,10.88,-0.1076
SAIA,"Saia, Inc.",383.24,11.77,0.0298,549754,493866,10163000000.000,27.01,-0.1068
SON,Sonoco Products Company,51.64,1.03,0.0196,1064000.000,774980,5074000000.000,13.92,-0.1067
UA,"Under Armour, Inc.",6.31,0.32,0.0483,2153000.000,2997000.000,2797000000.000,12.13,-0.1062
CVBF,CVB Financial Corp.,17.52,0.86,0.0468,967939,752669,2447000000.000,11.92,-0.1061
DNP,DNP Select Income Fund Inc.,8.97,0.06,0.0066,684050,815967,3284000000.000,0,-0.1057
CELH,"Celsius Holdings, Inc.",42.71,2.09,0.0467,6144000.000,5782000.000,9955000000.000,46.93,-0.1054
ABNB,"Airbnb, Inc.",128.23,6.86,0.0508,7618000.000,4192000.000,81406000000.000,17.14,-0.1045
HDB,HDFC Bank Limited,60,0.51,0.0084,6478000.000,2666000.000,152350000000.00,19.05,-0.1039
SNDR,"Schneider National, Inc.",27.66,0.40,0.0143,1300000.0,990030,4846000000.000,41.28,-0.1037
GLNCY,Glencore plc,10.4,0.01,0.001,82930,400141,64859000000.000,15.29,-0.1034
AIN,Albany International Corp.,86.67,3.16,0.0352,190208,138200,2707000000.000,24.35,-0.1023
VAL,Valaris Limited,67.77,5.81,0.079,1436000.000,1023000.000,4930000000.00,4.96,-0.101
KMTUY,Komatsu Ltd.,25.51,0.06,0.0024,19022,81585,24327000000.000,9.08,-0.1008
TPR,"Tapestry, Inc.",38.13,1.02,0.0261,2761000.000,2662000.000,8761000000.000,10.11,-0.1005
MKC,"McCormick & Company, Incorporated",78.82,0.76,0.0097,2183000.000,1935000.000,21175000000.000,28.77,-0.1004
NPPXF,Nippon Telegraph and Telephone Corporation,1,0,0,15800,249545,85978000000.000,10.00,-0.0991
BHP,BHP Group Limited,54.01,0.25,0.0046,2977000.000,2154000.000,138270000000.00,18.50,-0.0989
ROCK,"Gibraltar Industries, Inc.",66.81,4.05,0.0572,278532,170412,2036000000.000,17.72,-0.0987
BEP,Brookfield Renewable Partners L.P.,24.06,0.13,0.0054,401351,428201,15789000000.000,0,-0.0985
BSY,"Bentley Systems, Incorporated",46.02,1.58,0.0332,1182000.000,1297000.000,13806000000.000,42.61,-0.0984
FNV,Franco-Nevada Corporation,125.1,1.97,0.0155,700573,568785,24058000000.000,0,-0.098
SONY,Sony Group Corporation,81.61,3.32,0.0391,1368000.000,970691,99678000000.000,15.54,-0.0976
OXY,Occidental Petroleum Corporation,57.67,1.71,0.0288,14823000.000,7060000.00,52837000000.000,16.67,-0.0975
GRAB,Grab Holdings Limited,3.24,0,0,20615000.000,19080000.00,12808000000.000,0,-0.0975
BIPC,Brookfield Infrastructure Corporation,37.86,0.71,0.0184,425931,529087,4994000000.000,3.80,-0.0971
HXL,Hexcel Corporation,62.21,2.08,0.0324,1161000.000,932438,5086000000.000,48.98,-0.0967
SW,Smurfit Westrock Plc,41.78,1.54,0.0355,3583000.000,12221000.000,21697000000.000,33.69,-0.0961
HES,Hess Corporation,137.31,3.92,0.0278,2746000.000,2031000.000,42307000000.000,15.97,-0.0957
SUZ,Suzano S.A.,9.28,0.13,0.0138,2016000.000,2791000.000,12139000000.000,7.42,-0.0955
RNG,"RingCentral, Inc.",35.26,1.81,0.0541,3146000.000,1265000.000,3250000000.00,0,-0.0954
CJPRY,Central Japan Railway Company,10.96,0.03,0.0027,21976,199080,21753000000.000,7.83,-0.095
BC,Brunswick Corporation,77.33,0.26,0.0034,957732,825020,5121000000.000,14.87,-0.0947
AESI,Atlas Energy Solutions Inc.,18.93,1.58,0.077,756790,1131000.000,2879000000.000,11.07,-0.0947
BMO,Bank of Montreal,80.73,1.91,0.0231,1139000.000,988141,58873000000.000,13.37,-0.0945
HR,Healthcare Realty Trust Incorporated,17.87,0.37,0.0211,8039000.000,3877000.000,6568000000.000,0,-0.0943
TR,"Tootsie Roll Industries, Inc.",30.16,0.32,0.0105,131054,182743,2137000000.000,22.68,-0.0941
THO,"THOR Industries, Inc.",99.98,0.80,0.0079,520716,536583,5319000000.000,20.24,-0.0925
BTG,B2Gold Corp.,2.85,0.1000,0.0339,19814000.000,10545000.000,3741000000.000,0,-0.0924
VRNT,Verint Systems Inc.,32.96,1.26,0.0368,691514,743837,2034000000.000,70.13,-0.091
FIZZ,National Beverage Corp.,48.95,0.34,0.007,183700,206769,4581000000.000,25.90,-0.091
IPAR,"Inter Parfums, Inc.",135.1,2.28,0.0166,166961,153033,4326000000.000,28.62,-0.091
CF,"CF Industries Holdings, Inc.",73.22,2.58,0.034,1752000.000,2045000.000,13383000000.000,12.10,-0.0903
GBTG,"Global Business Travel Group, Inc.",6.18,0.22,0.0344,587194,815101,2921000000.000,0,-0.0898
GPC,Genuine Parts Company,142.52,0.96,0.0067,1059000.000,995050,19856000000.000,16.50,-0.0892
CALX,"Calix, Inc.",37.53,1.42,0.0365,621895,663738,2469000000.000,1251.00,-0.0886
REXR,"Rexford Industrial Realty, Inc.",49.17,1.30,0.0258,1097000.000,1492000.000,11093000000.000,40.64,-0.0883
STZ,"Constellation Brands, Inc.",246.94,1.57,0.0064,1404000.000,1162000.000,45003000000.000,18.39,-0.0875
ARE,"Alexandria Real Estate Equities, Inc.",113.36,1.66,0.0144,1646000.000,843490,19830000000.00,141.70,-0.0874
TROW,"T. Rowe Price Group, Inc.",106.47,5.56,0.0496,1982000.000,1103000.000,23700000000.0,12.56,-0.087
FEZHF,Far East Horizon Limited,0.62867,0,0,89000,0,3207000000.000,3.49,-0.0865
VRSN,"VeriSign, Inc.",187.71,0.66,0.0035,772405,728987,18320000000.00,22.51,-0.0855
POOL,Pool Corporation,353.39,12.17,0.0333,505796,433175,13520000000.00,29.67,-0.0847
LSXMA,The Liberty SiriusXM Group,21.475,0.61,0.0278,1538000.000,1385000.000,7027000000.000,8.39,-0.0846
JBL,Jabil Inc.,99.62,9.38,0.0861,3485000.000,1633000.000,11301000000.000,9.04,-0.0844
EBR,Centrais Elétricas Brasileiras S.A. - Eletrobrás,6.74,0.25,0.0358,1148000.000,1081000.000,16162000000.000,18.72,-0.0842
TAK,Takeda Pharmaceutical Company Limited,14.08,0.23,0.0166,3889000.000,1953000.000,44632000000.000,45.42,-0.0839
ACI,"Albertsons Companies, Inc.",19.96,0.20,0.0101,2958000.000,2333000.000,11560000000.00,10.40,-0.0815
RCI,Rogers Communications Inc.,38.66,0.57,0.015,774401,890987,20722000000.000,32.76,-0.0804
WDAY,"Workday, Inc.",214.86,7.72,0.0347,2456000.000,2618000.000,57023000000.000,38.30,-0.08
BP,BP p.l.c.,34.08,0.68,0.0196,9870000.00,7364000.000,96112000000.000,13.21,-0.0799
PRGS,Progress Software Corporation,56.57,0.75,0.0131,329775,422098,2420000000.00,34.71,-0.0796
FLO,"Flowers Foods, Inc.",23.05,0.38,0.0168,1189000.000,1300000.0,4867000000.000,39.07,-0.0791
NOV,NOV Inc.,18.69,0.91,0.0464,3437000.000,3050000.00,7358000000.000,7.03,-0.0789
MAN,ManpowerGroup Inc.,72.83,1.51,0.0203,365225,434374,3474000000.000,72.11,-0.0788
BANC,"Banc of California, Inc.",12.88,0.31,0.0235,2741000.000,2417000.000,2175000000.000,0,-0.0787
TCBI,"Texas Capital Bancshares, Inc.",60.4,3.04,0.0479,448717,384720,2790000000.00,21.81,-0.0784
IDXX,"IDEXX Laboratories, Inc.",468.63,9.21,0.0193,778067,535600,38703000000.000,45.41,-0.0781
NOG,"Northern Oil and Gas, Inc.",38.58,2.84,0.0686,2280000.00,1428000.000,3865000000.000,6.79,-0.0777
CSGP,"CoStar Group, Inc.",75.27,1.87,0.0242,2846000.000,2511000.000,30847000000.000,144.75,-0.077
CPRI,Capri Holdings Limited,33.2,0.09,0.0027,585461,1073000.000,3910000000.00,0,-0.0765
TRMB,Trimble Inc.,50.86,1.65,0.0314,1965000.000,1324000.000,12420000000.00,52.98,-0.0764
EE,"Excelerate Energy, Inc.",19.52,0.54,0.0269,165115,216493,2091000000.000,17.91,-0.0762
MSGS,Madison Square Garden Sports Corp.,195.24,5.00,0.025,80774,105248,4675000000.000,195.24,-0.0761
COP,ConocoPhillips,105.77,2.62,0.0242,6138000.000,6074000.000,122825000000.000,11.98,-0.0761
VOYA,"Voya Financial, Inc.",68.12,2.27,0.0322,1028000.000,750559,6744000000.000,9.69,-0.0756
WMG,Warner Music Group Corp.,28.26,0.77,0.0265,2185000.000,2634000.000,14636000000.000,27.98,-0.0756
KMX,"CarMax, Inc.",78.38,3.22,0.0395,2140000.00,1914000.000,12233000000.000,30.74,-0.0752
IVZ,Invesco Ltd.,15.71,1.11,0.066,5340000.00,4014000.000,7070000000.00,0,-0.0748
SLF,Sun Life Financial Inc.,48.04,0.49,0.0101,514653,848861,27787000000.000,12.54,-0.0747
RPRX,Royalty Pharma plc,28.53,0.04,0.0014,3165000.000,2667000.000,17045000000.000,16.03,-0.0743
COLD,"Americold Realty Trust, Inc.",29.97,0.27,0.0089,2608000.000,2541000.000,8543000000.000,0,-0.0741
DFH,"Dream Finders Homes, Inc.",28.25,2.16,0.071,506362,445301,2648000000.000,9.26,-0.0738
LSXMK,The Liberty SiriusXM Group,21.43,0.60,0.0272,3078000.000,2284000.000,7029000000.000,8.37,-0.0715
VWDRY,Vestas Wind Systems A/S,8.06,0.02,0.0025,27097,193148,24361000000.000,0,-0.0714
CVX,Chevron Corporation,148.55,4.07,0.0267,11599000.000,6995000.000,269618000000.000,14.71,-0.0709
INTA,"Intapp, Inc.",33.73,0.99,0.0285,376549,638969,2477000000.000,0,-0.0708
STWD,"Starwood Property Trust, Inc.",19.36,0.25,0.0127,2312000.000,2298000.000,6307000000.000,13.93,-0.0706
LSTR,"Landstar System, Inc.",184.59,2.21,0.0118,169482,262722,6544000000.000,30.11,-0.0698
CVE,Cenovus Energy Inc.,17.88,0.97,0.0515,9055000.000,6598000.000,33187000000.000,9.82,-0.0688
SWN,Southwestern Energy Company,6.1,0.23,0.0363,44943000.000,17122000.000,6728000000.000,0,-0.0687
MTDR,Matador Resources Company,54.58,4.56,0.0771,2122000.000,1741000.000,6812000000.000,7.02,-0.0686
MRVL,"Marvell Technology, Inc.",59.25,3.81,0.0604,20099000.000,11053000.000,51287000000.000,0,-0.0677
HAYW,"Hayward Holdings, Inc.",14.1,0.23,0.0161,1510000.00,1373000.000,3033000000.000,34.39,-0.0675
RRX,Regal Rexnord Corporation,151.04,11.92,0.0731,874949,469033,10050000000.00,0,-0.0671
CNP,"CenterPoint Energy, Inc.",27.07,1.08,0.0384,13866000.000,5823000.000,17378000000.000,16.71,-0.0666
BIP,Brookfield Infrastructure Partners L.P.,30.35,0.69,0.0222,407563,427179,14006000000.000,0,-0.0664
PFS,"Provident Financial Services, Inc.",17.3,0.47,0.0264,767898,1328000.000,2256000000.000,17.84,-0.0664
G,Genpact Limited,33.85,0.33,0.0097,768863,1260000.00,6092000000.000,9.73,-0.0659
ROIV,Roivant Sciences Ltd.,10.51,0.11,0.0104,3680000.00,4835000.000,7769000000.000,2.01,-0.0649
ARCB,ArcBest Corporation,105.48,16.21,0.1332,662036,281664,2499000000.000,20.09,-0.064
HSIC,"Henry Schein, Inc.",71.02,1.76,0.0242,3384000.000,1206000.000,9094000000.000,23.91,-0.0639
CART,Maplebear Inc.,31.55,1.47,0.0445,4053000.000,4189000.000,8351000000.000,0,-0.0638
MEJHF,"Meiji Holdings Co., Ltd.",22.67,0,0,17724,3,6804000000.000,18.74,-0.0632
DOW,Dow Inc.,52.01,1.27,0.0238,3849000.000,4268000.000,36455000000.000,32.10,-0.0632
PNM,"PNM Resources, Inc.",41.77,0.44,0.0104,364739,689695,3768000000.000,46.41,-0.0624
ACHC,"Acadia Healthcare Company, Inc.",72.37,1.72,0.0232,1685000.000,1045000.000,6721000000.000,0,-0.0612
OPCH,"Option Care Health, Inc.",31.61,0.84,0.0273,2291000.000,1605000.000,5406000000.000,26.34,-0.0612
BUR,Burford Capital Limited,13.06,0.52,0.0383,989885,1521000.000,2866000000.000,9.13,-0.0611
FANUY,Fanuc Corporation,13.53,0.40,0.0287,27290,287512,25778000000.000,29.41,-0.0611
VEEV,Veeva Systems Inc.,185.14,4.00,0.0211,743598,1028000.000,29928000000.000,54.61,-0.0593
QSR,Restaurant Brands International Inc.,70.16,0.42,0.006,2598000.000,1763000.000,31527000000.000,18.13,-0.0589
SIG,Signet Jewelers Limited,78.21,3.87,0.0471,850973,849120,3489000000.000,6.35,-0.0583
MSSMY,MISUMI Group Inc.,8.1,0.69,0.0785,59499,51169,4656000000.000,21.89,-0.0581
FND,"Floor & Decor Holdings, Inc.",97.89,3.75,0.0398,4633000.000,1665000.000,10490000000.00,50.46,-0.058
NOVT,Novanta Inc.,162.69,7.61,0.0447,205865,150608,5840000000.00,84.73,-0.058
HUBS,"HubSpot, Inc.",465.66,16.21,0.0336,1015000.000,847177,23731000000.000,0,-0.0577
FUJHY,Subaru Corporation,8.66,0.49,0.0536,75632,111572,13305000000.000,5.09,-0.0577
BNS,The Bank of Nova Scotia,45.67,0.34,0.0074,2077000.000,1661000.000,56154000000.000,10.50,-0.0576
OSK,Oshkosh Corporation,100.06,5.16,0.049,522440,485056,6512000000.000,9.68,-0.0573
GIS,"General Mills, Inc.",69.28,1.61,0.0238,4505000.000,3962000.000,38668000000.000,16.07,-0.0569
SQ,"Block, Inc.",60.38,0.48,0.008,17108000.000,7228000.000,37173000000.000,55.91,-0.0567
RGEN,Repligen Corporation,161.67,4.00,0.0241,998598,780432,9055000000.000,0,-0.0567
YETI,"YETI Holdings, Inc.",39.39,0.91,0.0226,1171000.000,1551000.000,3358000000.000,19.69,-0.0556
BLBRF,Bloomberry Resorts Corporation,0.17,0,0,89400,0,2250000000.00,8.50,-0.0556
HLDCY,Henderson Land Development Company Limited,2.73,0.0100,0.0036,24417,210912,13568000000.000,11.38,-0.0554
PFG,"Principal Financial Group, Inc.",75.41,4.05,0.051,1615000.000,1117000.000,17464000000.000,14.34,-0.0549
CTVA,"Corteva, Inc.",51.58,1.42,0.0268,3784000.000,3262000.000,35706000000.000,40.94,-0.0548
SHOP,Shopify Inc.,54.43,3.74,0.0643,17705000.000,11034000.000,70128000000.000,0,-0.0545
LGGNY,Legal & General Group Plc,14.22,0.06,0.0042,17671,63174,17095000000.000,30.26,-0.052
JNJ,Johnson & Johnson,164.14,3.38,0.021,9183000.000,7218000.000,395124000000.000,24.83,-0.0518
APLE,"Apple Hospitality REIT, Inc.",14.48,0.13,0.0089,2881000.000,2363000.000,3509000000.000,17.04,-0.0505
MCD,McDonald's Corporation,276.69,7.94,0.0295,9401000.000,3952000.000,199406000000.000,24.21,-0.0505
CNI,Canadian National Railway Company,112.35,0.90,0.0079,1175000.000,1187000.000,70724000000.000,18.42,-0.0501
SWKS,"Skyworks Solutions, Inc.",104.7,3.31,0.0306,3253000.000,2657000.000,16722000000.000,21.63,-0.0497
WBS,Webster Financial Corporation,44.1,2.11,0.0457,1366000.000,1357000.000,7559000000.000,9.59,-0.0492
MEOH,Methanex Corporation,43.03,2.76,0.0603,640192,228962,2900000000.0,20.11,-0.0491
AME,"AMETEK, Inc.",152.74,6.39,0.0402,3644000.000,1263000.000,35365000000.000,26.61,-0.0489
JOE,The St. Joe Company,59.07,1.64,0.027,169764,177933,3450000000.00,48.42,-0.0486
GILD,"Gilead Sciences, Inc.",76.77,0.28,0.0037,6319000.000,7354000.000,95644000000.000,213.25,-0.0483
MDLZ,"Mondelez International, Inc.",70.68,2.37,0.0347,10031000.000,6244000.000,94414000000.000,24.29,-0.0482
TNET,"TriNet Group, Inc.",100.47,1.65,0.0162,192555,344609,4991000000.000,16.80,-0.0476
PEP,"PepsiCo, Inc.",178.04,3.08,0.0176,6832000.000,5244000.000,244550000000.00,25.84,-0.0474
RUN,Sunrun Inc.,16.72,0.78,0.0446,11979000.000,13013000.000,3706000000.000,0,-0.0473
ALV,"Autoliv, Inc.",96.69,3.07,0.0308,657396,790227,7743000000.000,12.93,-0.047
ODFL,"Old Dominion Freight Line, Inc.",195.12,8.08,0.0398,2106000.000,1884000.000,42397000000.000,33.47,-0.0467
QLYS,"Qualys, Inc.",137.76,0.66,0.0048,436413,440109,5089000000.000,31.96,-0.0466
UCBI,"United Community Banks, Inc.",28.76,1.05,0.0352,665900,541283,3427000000.000,18.68,-0.0461
FSK,FS KKR Capital Corp.,19.47,0.60,0.0299,2126000.000,1251000.000,5453000000.000,8.15,-0.0461
CLVT,Clarivate Plc,6.42,0.06,0.0093,3529000.000,4569000.000,4290000000.00,0,-0.0446
FOUR,"Shift4 Payments, Inc.",62.71,2.31,0.0355,1012000.000,1325000.000,5490000000.00,41.81,-0.0443
JWN,"Nordstrom, Inc.",21.13,1.17,0.0525,2567000.000,2365000.000,3458000000.000,11.42,-0.0443
BDORY,Banco do Brasil S.A.,4.65,0.0700,0.0153,114623,288267,26595000000.000,3.88,-0.0442
ORA,"Ormat Technologies, Inc.",75.41,1.34,0.0175,284944,477990,4556000000.000,34.12,-0.0436
GSAT,"Globalstar, Inc.",1.1,0.0400,0.0351,3059000.000,3695000.000,2072000000.000,0,-0.0435
COO,"The Cooper Companies, Inc.",93.27,0.93,0.0099,812563,1161000.000,18572000000.000,54.86,-0.043
KWR,Quaker Chemical Corporation,171.76,6.22,0.0349,119535,109114,3090000000.00,26.10,-0.0427
HL,Hecla Mining Company,4.94,0.3900,0.0732,15053000.000,8955000.000,3094000000.000,0,-0.0426
JJSF,J&J Snack Foods Corp.,166.46,0.95,0.0057,73275,93251,3227000000.000,37.41,-0.0426
TKKHF,Tikehau Capital,23.01,0,0,46262,507,4245000000.000,23.72,-0.0424
AR,Antero Resources Corporation,26.5,2.27,0.0789,5686000.000,3416000.000,8242000000.000,101.92,-0.0423
PPBI,"Pacific Premier Bancorp, Inc.",24.69,1.16,0.0449,628603,540456,2381000000.000,0,-0.0423
WY,Weyerhaeuser Company,31.74,0.18,0.0056,4942000.000,3638000.000,23085000000.000,31.12,-0.0422
SSLZY,Santos Limited,5.03,0.09,0.0176,18335,84104,16579000000.000,11.70,-0.0419
DOX,Amdocs Limited,85.62,0.48,0.0056,465022,799769,9925000000.000,19.20,-0.0417
BRZE,"Braze, Inc.",39.24,2.64,0.063,860441,1096000.000,3988000000.000,0,-0.0415
BMRN,BioMarin Pharmaceutical Inc.,84.2,0.42,0.005,760400,2414000.000,15988000000.000,79.43,-0.0413
CME,CME Group Inc.,199.83,3.52,0.0179,2364000.000,2203000.000,71952000000.000,22.03,-0.0409
OGN,Organon & Co.,20.91,0.74,0.0342,2064000.000,1584000.000,5377000000.000,5.12,-0.0408
ASGLF,AGC Inc.,33.2,3.40,0.0929,206,949,7047000000.000,0,-0.0095
BXP,"BXP, Inc.",66.93,3.36,0.0478,1579000.000,1224000.000,11797000000.000,54.86,-0.0404
LYB,LyondellBasell Industries N.V.,94.39,3.75,0.0382,2606000.000,1588000.000,30735000000.000,14.57,-0.0403
MKTX,MarketAxess Holdings Inc.,234.63,13.41,0.0606,663690,427990,8892000000.000,34.50,-0.0399
NXST,"Nexstar Media Group, Inc.",176.87,3.01,0.0167,324334,356137,5807000000.000,14.95,-0.0394
SCHW,The Charles Schwab Corporation,63.39,0.32,0.005,8671000.000,8599000.000,115888000000.000,26.41,-0.0391
ADRNY,Koninklijke Ahold Delhaize N.V.,32.85,0.12,0.0037,24637,87880,30775000000.000,15.87,-0.0389
MIDD,The Middleby Corporation,140.72,3.64,0.0252,855368,638214,7566000000.000,19.68,-0.0388
CACC,Credit Acceptance Corporation,480.02,9.27,0.0189,113770,51304,5814000000.000,34.14,-0.0384
FAF,First American Financial Corporation,60.7,0.44,0.0073,1379000.000,608882,6245000000.000,32.46,-0.0383
FMX,"Fomento Económico Mexicano, S.A.B. de C.V.",108.87,1.15,0.0105,461562,682500,194780000000.00,23.62,-0.0379
MDT,Medtronic plc,81.51,1.02,0.0127,5057000.000,6429000.000,104518000000.000,29.53,-0.0379
PYPL,"PayPal Holdings, Inc.",61.98,3.33,0.051,22926000.000,12137000.000,63364000000.000,15.04,-0.0379
CCCS,CCC Intelligent Solutions Holdings Inc.,10.22,0,0,4253000.000,4627000.000,6371000000.000,340.67,-0.0377
CAG,"Conagra Brands, Inc.",30.9,0.65,0.0215,3767000.000,4117000.000,14777000000.000,42.92,-0.0374
ICHBF,"Industrias CH, S. A. B. de C. V.",11.3589,0,0,4200,0,4959000000.000,16.00,-0.0374
LFUS,"Littelfuse, Inc.",247.1,11.61,0.0449,86047,124809,6125000000.000,31.84,-0.0372
HMC,"Honda Motor Co., Ltd.",30.03,0.95,0.0307,1202000.000,814200,49056000000.000,6.63,-0.0372
EOG,"EOG Resources, Inc.",122.92,0.19,0.0015,6660000.00,2935000.000,69892000000.000,9.48,-0.0369
ZZHGF,"ZhongAn Online P & C Insurance Co., Ltd.",2.4,0,0,206522,0,3408000000.000,0,-0.0367
TU,TELUS Corporation,16.61,0.25,0.0153,4286000.000,2079000.000,24616000000.000,43.71,-0.0365
AZPN,"Aspen Technology, Inc.",181.93,0.08,0.0004,243355,211590,11521000000.000,0,-0.0364
LAD,"Lithia Motors, Inc.",290.07,5.37,0.0182,695864,278693,7950000000.00,9.37,-0.036
CMC,Commercial Metals Company,54.71,2.92,0.0507,751969,784877,6291000000.000,11.37,-0.0353
WU,The Western Union Company,11.52,0.15,0.0129,5657000.000,3570000.00,3891000000.000,7.02,-0.0352
HST,"Host Hotels & Resorts, Inc.",16.2,0.55,0.0328,15629000.000,6647000.000,23160000000.00,15.28,-0.0351
CP,Canadian Pacific Kansas City Limited,78.81,1.56,0.0194,1997000.000,2199000.000,73540000000.00,29.19,-0.0348
DLB,"Dolby Laboratories, Inc.",76.24,0.81,0.0105,475696,387670,7306000000.000,39.30,-0.0342
CFRUY,Compagnie Financière Richemont SA,14.81,0.01,0.0007,28278,364346,86689000000.000,20.86,-0.0339
ALG,Alamo Group Inc.,175.09,9.69,0.0524,167200,78750,2112000000.000,16.58,-0.0337
RYAAY,Ryanair Holdings plc,98.76,1.24,0.0124,1370000.00,855741,21982000000.000,12.96,-0.0337
BEPC,Brookfield Renewable Corporation,27.85,0.09,0.0032,1189000.000,847380,5003000000.000,6.74,-0.0333
ENS,EnerSys,101.72,3.62,0.0344,281789,266517,4091000000.000,15.65,-0.032
TTD,"The Trade Desk, Inc.",83.08,4.67,0.0532,4924000.000,3698000.000,40637000000.000,207.70,-0.0317
FLUT,Flutter Entertainment plc,187.59,5.54,0.0287,1833000.000,1275000.000,33337000000.000,0,-0.0306
CHRD,Chord Energy Corporation,155.87,10.72,0.0643,864205,1243000.000,9722000000.000,7.32,-0.0301
EXC,Exelon Corporation,38.77,0.51,0.0133,7607000.000,7307000.000,38789000000.000,16.02,-0.03
TEM,"Tempus AI, Inc",39.045,0.24,0.006,678494,1433000.000,6436000000.000,0,-0.0299
AY,Atlantica Sustainable Infrastructure plc,22.15,0.01,0.0005,562290,1597000.000,2573000000.000,73.83,-0.0289
HUBG,"Hub Group, Inc.",42.53,3.67,0.0794,876925,387919,2647000000.000,22.74,-0.0283
TCOM,Trip.com Group Limited,39.32,1.82,0.0442,5288000.000,3564000.000,26263000000.000,17.55,-0.0282
BSAC,Banco Santander-Chile,19.36,0.11,0.0056,192014,292696,9368000000.000,13.17,-0.0276
NDSN,Nordson Corporation,241.38,1.96,0.0081,284713,274193,13824000000.000,28.77,-0.0275
FIBK,"First Interstate BancSystem, Inc.",28.77,0.94,0.0316,875643,660254,3008000000.000,11.46,-0.0267
PECO,"Phillips Edison & Company, Inc.",35.05,0.22,0.0062,786178,729601,4770000000.00,71.53,-0.0261
IHHHF,IHH Healthcare Berhad,1.19,0,0,46818,0,11256000000.000,17.00,-0.0246
AL,Air Lease Corporation,41.11,6.60,0.1383,3274000.000,816493,4579000000.000,8.82,-0.0242
CMA,Comerica Incorporated,52.05,0.83,0.0157,3108000.000,2546000.000,6905000000.000,11.54,-0.0242
FDS,FactSet Research Systems Inc.,414.56,5.85,0.0143,207708,293253,15770000000.00,31.24,-0.0241
MQ,"Marqeta, Inc.",4.89,0.2400,0.0468,4832000.000,4747000.000,2508000000.000,0,-0.024
PTY,PIMCO Corporate & Income Opportunity Fund,14.37,0.02,0.0014,661621,505853,2200000000.0,9.98,-0.0238
ITW,Illinois Tool Works Inc.,243.85,1.59,0.0066,1270000.00,1066000.000,72399000000.000,23.93,-0.0235
RNW,ReNew Energy Global Plc,5.87,0.14,0.0233,615306,1316000.000,2129000000.000,48.92,-0.0233
CCK,"Crown Holdings, Inc.",88.16,0.05,0.0006,1705000.000,1041000.000,10636000000.000,24.42,-0.0233
PDI,PIMCO Dynamic Income Fund,19.07,0.01,0.0005,1658000.000,1272000.000,5861000000.000,9.88,-0.0231
OZK,Bank OZK,43.14,1.65,0.0368,941047,1484000.000,4895000000.000,7.23,-0.0227
PSA-PK,Public Storage,21.22,0.17,0.0081,16073,17596,35587000000.000,2.06,-0.0226
PAG,"Penske Automotive Group, Inc.",164.11,7.14,0.0417,334323,191764,10958000000.000,12.08,-0.022
SITC-PA,SITE Centers Corp.,23.2558,0.13,0.0054,53566,23832,2202000000.000,46.42,-0.0217
MSCI,MSCI Inc.,539.85,8.05,0.0147,634802,613382,42432000000.000,36.11,-0.0211
FTNT,"Fortinet, Inc.",56.51,0.69,0.0121,5912000.000,5524000.000,43170000000.00,36.69,-0.0206
HAS,"Hasbro, Inc.",63.46,1.55,0.0238,1582000.000,1849000.000,8847000000.000,0,-0.0204
AWR,American States Water Company,85.38,1.34,0.0159,221527,218167,3179000000.000,27.99,-0.0199
APD,"Air Products and Chemicals, Inc.",281.74,5.73,0.0199,1832000.000,1811000.000,62635000000.000,24.46,-0.0194
RYN,Rayonier Inc.,31.18,0.44,0.0143,1829000.000,601237,4707000000.000,27.84,-0.0192
KEY-PK,KeyCorp,21.49,0.07,0.0033,27437,25724,18492000000.000,15.03,-0.0192
ACVA,ACV Auctions Inc.,15.88,0.44,0.027,1255000.000,1105000.000,2622000000.000,0,-0.0185
NSP,"Insperity, Inc.",95.63,1.72,0.0177,237357,210100,3601000000.000,22.50,-0.0182
CENTA,Central Garden & Pet Company,33.68,0.45,0.0132,189075,285845,2338000000.000,15.17,-0.0166
RPHCF,"Rohto Pharmaceutical Co.,Ltd.",21.542,0,0,18824,22,4965000000.000,23.94,-0.0166
BATRA,"Atlanta Braves Holdings, Inc.",44.27,0.45,0.0101,24549,32283,2644000000.000,0,-0.0158
SUM,"Summit Materials, Inc.",38.73,1.73,0.0428,1225000.000,957543,6796000000.000,17.21,-0.015
ANSS,"ANSYS, Inc.",302.22,7.61,0.0246,671504,470995,26410000000.00,53.49,-0.0146
TECH,Bio-Techne Corporation,80.17,2.18,0.0265,799062,999193,12634000000.000,64.14,-0.0138
SR-PA,Spire Inc.,23.72,0.05,0.0021,22942,22196,3952000000.000,5.87,-0.0137
CHRW,"C.H. Robinson Worldwide, Inc.",98.63,3.58,0.035,2299000.000,1658000.000,11568000000.000,35.48,-0.0137
EXPD,"Expeditors International of Washington, Inc.",123.13,3.35,0.0265,937711,1414000.000,17392000000.000,26.03,-0.0135
O,Realty Income Corporation,59.32,1.31,0.0226,6638000.000,5091000.000,51654000000.000,54.93,-0.0131
BRKR,Bruker Corporation,65.88,2.45,0.0359,1729000.000,1225000.000,9970000000.00,24.13,-0.013
NOK,Nokia Oyj,3.85,0.1000,0.0253,19098000.000,13050000.00,21086000000.000,21.39,-0.0128
TFX,Teleflex Incorporated,237.13,1.18,0.005,745171,502006,11173000000.000,42.34,-0.0127
ALKS,Alkermes plc,27.72,0.86,0.032,2251000.000,1921000.000,4565000000.000,12.16,-0.0125
NWE,"NorthWestern Energy Group, Inc.",53.91,0.45,0.0084,309064,255837,3305000000.000,15.72,-0.0116
AMBP,Ardagh Metal Packaging S.A.,3.46,0.0600,0.017,1686000.000,1671000.000,2068000000.000,0,-0.0114
LANC,Lancaster Colony Corporation,191.51,0.84,0.0044,160978,108777,5272000000.000,39.65,-0.0111
NABL,"N-able, Inc.",13.52,0.20,0.0146,583921,672519,2498000000.000,90.13,-0.011
AIR,AAR Corp.,60.19,3.02,0.0478,564720,282437,2149000000.000,46.66,-0.0107
CHH,"Choice Hotels International, Inc.",127,1.15,0.0091,681227,511501,6117000000.000,27.19,-0.0107
JKHY,"Jack Henry & Associates, Inc.",170.21,1.14,0.0067,315852,427741,12408000000.000,32.80,-0.0104
NLY,"Annaly Capital Management, Inc.",19.76,0.12,0.006,4329000.000,3565000.000,9900000000.0,0,-0.01
GTOFF,PT GoTo Gojek Tokopedia Tbk,0.0108,0,0,321100,7936,11639000000.000,0,-0.0092
ENTG,"Entegris, Inc.",102.14,7.74,0.0704,5637000.000,1620000.00,15421000000.000,84.41,-0.0083
AKAM,"Akamai Technologies, Inc.",94.56,0.88,0.0092,1186000.000,1719000.000,14403000000.000,23.58,-0.0081
FCX,Freeport-McMoRan Inc.,41.97,1.66,0.038,15464000.000,12767000.000,60289000000.000,31.32,-0.0076
VOD,Vodafone Group Public Limited Company,9.3,0.07,0.0076,5170000.00,5241000.000,24739000000.000,19.38,-0.0075
CIG,Companhia Energética de Minas Gerais - CEMIG,1.84,0.0200,0.0108,885615,1756000.000,5775000000.000,5.41,-0.0075
BERY,"Berry Global Group, Inc.",62.92,2.73,0.0416,2342000.000,1070000.00,7198000000.000,15.12,-0.0073
BECN,"Beacon Roofing Supply, Inc.",85.4,12.87,0.131,2826000.000,702332,5320000000.00,0,-0.007
LXP,LXP Industrial Trust,9.97,0.12,0.0119,2252000.000,2279000.000,2943000000.000,110.78,-0.007
GDRX,"GoodRx Holdings, Inc.",8.62,0.13,0.0149,1209000.000,1378000.000,3235000000.000,0,-0.0069
M,"Macy's, Inc.",15.93,0.85,0.0507,5430000.00,5402000.000,4403000000.000,531.00,-0.0069
INCY,Incyte Corporation,64.47,0.05,0.0008,1840000.00,3617000.000,12417000000.000,157.24,-0.0068
ADBE,Adobe Inc.,526.17,20.24,0.037,2663000.000,3291000.000,233304000000.000,47.40,-0.0067
ASXFF,ASX Limited,41.92,0,0,17296,451,8128000000.000,26.20,-0.0062
RIO,Rio Tinto Group,63.67,0.18,0.0028,3891000.000,2360000.00,104435000000.000,9.68,-0.0059
LECO,"Lincoln Electric Holdings, Inc.",195.84,2.95,0.0148,327985,424927,11099000000.000,22.15,-0.0058
PSA-PH,Public Storage,25.06,0.19,0.0076,16472,20308,40422000000.000,2.44,-0.0056
ARW,"Arrow Electronics, Inc.",125.76,3.18,0.0247,850933,462601,6658000000.000,11.83,-0.0053
HSBC,HSBC Holdings plc,41.3,1.16,0.0273,3415000.000,1430000.00,156452000000.000,7.12,-0.0053
LSRCY,Lasertec Corporation,30.04,0.08,0.0027,25287,98903,13658000000.000,30.34,-0.0053
PWSC,"PowerSchool Holdings, Inc.",22.57,0.01,0.0004,1054000.000,2648000.000,3749000000.000,0,-0.0053
CFR,"Cullen/Frost Bankers, Inc.",108.91,3.73,0.0331,610458,486408,6927000000.000,13.28,-0.0052
RF,Regions Financial Corporation,20.88,0.66,0.0306,8259000.000,7688000.000,19106000000.000,11.73,-0.0048
LYFT,"Lyft, Inc.",10.92,0.50,0.0438,16272000.000,13984000.000,4406000000.000,0,-0.0046
OMF,"OneMain Holdings, Inc.",44.88,3.68,0.0758,1999000.000,849945,5375000000.000,9.23,-0.0042
KEP,Korea Electric Power Corporation,7.27,0.20,0.0268,101013,107391,9334000000.000,18.64,-0.0041
PBLOF,Public Bank Berhad,0.8802,0,0,16149,0,17085000000.000,12.57,-0.004
PLD,"Prologis, Inc.",123.98,3.74,0.0293,4142000.000,4038000.000,114794000000.000,40.92,-0.0036
HRI,Herc Holdings Inc.,134.49,9.61,0.0667,266303,267762,3819000000.000,11.28,-0.0033
WCC,"WESCO International, Inc.",153.42,5.33,0.0336,1321000.000,850959,7542000000.000,11.93,-0.0027
MS-PF,Morgan Stanley,25.37,0.02,0.0008,19722,32913,65606000000.000,3.23,-0.0024
FRHC,Freedom Holding Corp.,79.2,2.28,0.028,40697,77551,4809000000.000,12.51,-0.0023
TM,Toyota Motor Corporation,173.02,6.05,0.0338,673405,300951,233324000000.000,7.04,-0.0021
WH,"Wyndham Hotels & Resorts, Inc.",75.2,0.27,0.0036,908763,874082,5939000000.000,24.42,-0.0017
LBTYK,Liberty Global Ltd.,19.55,0.21,0.0106,1068000.000,2613000.000,7054000000.000,0,-0.0015
MCW,"Mister Car Wash, Inc.",7.13,0.20,0.0273,2226000.000,1974000.000,2295000000.000,33.95,-0.0014
SWK,"Stanley Black & Decker, Inc.",98.63,2.87,0.0283,1917000.000,1582000.000,15185000000.000,0,-0.0012
AMKR,"Amkor Technology, Inc.",28.63,1.38,0.046,2479000.000,1652000.000,7054000000.000,18.84,-0.001
EADSY,Airbus SE,36.07,0.11,0.0031,21458,502675,114722000000.000,34.03,-0.0006
ZTS,Zoetis Inc.,180.59,1.83,0.01,2365000.000,2267000.000,82402000000.000,34.86,-0.0006
BLDR,"Builders FirstSource, Inc.",152.15,7.35,0.0461,2591000.000,2142000.000,18571000000.000,13.09,-0.0005
XEL,Xcel Energy Inc.,59.75,0.64,0.0108,3467000.000,3262000.000,33311000000.000,17.84,-0.0002
